W3VAC,AL
W5NZ,AL
K4SSK,AL
N7KDT,AL
KY4G,AL
N4LOV,AL
AF4OD,AL
NV4B,AL
W2BJN,AL
K4YNZ,AL
W4JSI,AL
KX4X,AL
KI4KWR,AL
AE4ED,AL
AB4EJ,AL
WA4MIT,AL
AA4CW,AL
AH6FF,AL
K5LDA,AL
K2CNN,AL
KF4UDL,AL
W4JOV,AL
KW4SP,AL
KM4CJ,AL
AC4R,AL
KO4O,AL
AK4QR,AL
K4SHQ,AL
N4TAE,AL
KF4RWA,AL
AC4NY,AL
W4ARK,AL
NM0K,AL
NA4A,AL
KV4T,AL
KD4Y,AL
W5WQQ,AL
KT4DLB,AL
KI4EEY,AL
WB5NHX,AL
WN4WDE,AL
KI5GX,AL
AI4QT/P,AL
K4KSV,AL
KC4HW,AL
AE4IN,AL
KN4GJV,AL
KU4UK,AL
K7ACT,AL
N4PEW,AL
N4DRR,AL
WB4MIO,AL
K4HAL,AL
KJ4RVN,AL
K4SHA,AL
AA4YB,AL
K8AJX,AL
KN4RAY,AL
K5RMD,AL
AI4QT,AL
WF4USN,AL
K4TQR,AL
KB4GAP,AL
KX4OS,AL
KN4JJA,AL
WA4CQG,AL
N4UC,AL
KK4DSR,AL
ND4Q,AL
KK9W,AL
N5ME,AL
NA4MM,AL
K4GIG,AL
KN4OK,AL
KZ4A,AL
K4KZY,AL
K4HDW,AL
N4CBS,AL
KS4TAC,AL
W4CCN,AL
KN4SNC,AL
W4CRS,AL
W4ORS,AL
KA4M,AL
AI4VV,AL
KB4HL,AL
KN4ZWW,AL
W4EFT,AL
KN4VYC,AL
KI4LZX,AL
KQ4VT,AL
W4OCD,AL
K4JOM,AL
WE5TM,AL
K4LAC,AL
KK4AUM,AL
WB4KDI,AL
KK4FZN,AL
KN4LER,AL
KB4TOX,AL
KN4VYD,AL
W4PPC,AL
KF4IOL,AL
KI3N,AL
KN4RUV,AL
N4WLO,AL
N4SO,AL
KO4DDO,AL
K2TY,AL
N4FH,AL
W4DSM,AL
KD7RF,AL
KJ4LEG,AL
KX4BI,AL
N4AU,AL
AA4U,AL
KN4VXH,AL
W4EVV,AL
AE4FQ,AL
AB4WL,AL
AI4RA,AL
KN4PCQ,AL
AG4W,AL
KM4ZGR,AL
KK4A,AL
KZ4W,AL
KB4XT,AL
KY4CU,AL
WG8S,AL
W4RYW,AL
W5MRL,AR
KG5WTU,AR
WB5BHS,AR
AA5BE,AR
KG5KS,AR
KI5FXK,AR
WB0RUR,AR
W5JUG,AR
WA9AQQ,AR
W5PIG,AR
KF5WCP,AR
W5GOL,AR
K5TLJ,AR
K5DB,AR
WB5JJJ,AR
W5BXE,AR
W5ZJ,AR
KT5OT,AR
N5RN,AR
KG5JJ,AR
WB5XX,AR
NF8H,AR
K5YCM,AR
KD5J,AR
W5JAY,AR
N5TSG,AR
W5CJF,AR
KU5D,AR
W5DFD,AR
W5VYH,AR
WX5TIM,AR
K5JMB,AR
N5QYC,AR
AG5P,AR
K5ETU,AR
KG5LWL,AR
KF5F,AR
AC5AV,AR
K5CKS,AR
KI5LAK,AR
KE0LRR,AR
W5AAJ,AR
KI5AF,AR
K5CWR,AR
KB0CVW,AR
N5MNX,AR
N5MNO,AR
W5IQ,AR
KG5CR,AR
N5TTI,AR
KC5ETF,AR
N5LKE,AR
WX5KW,AR
N5XFW,AR
WW7B,AZ
N7ELL,AZ
K9SG,AZ
NC7L,AZ
W5RCQ,AZ
WA7EYP,AZ
N0JOY,AZ
N7FN,AZ
N7SCG,AZ
K7SP,AZ
AA7V,AZ
AA4M,AZ
KF7R,AZ
K7LRB,AZ
AG7GK,AZ
KF7EU,AZ
N6OPR,AZ
KN7N,AZ
KS4R,AZ
NE7DX,AZ
KV2H,AZ
N7IR,AZ
K7HPN,AZ
KD7PCE,AZ
KK6ZHK,AZ
WE7K,AZ
W7WIA,AZ
NR7Q,AZ
NR5O,AZ
W7AH,AZ
W9FI,AZ
NG7E,AZ
W7YA,AZ
AA7A,AZ
W0RIC,AZ
W7CQQ,AZ
KY7M,AZ
KF7DUR,AZ
N6RW,AZ
AK2L,AZ
N4PT,AZ
W0OGH,AZ
KC1BB,AZ
KI7SPW,AZ
KC0NH,AZ
WQ7X,AZ
KD7JR,AZ
W8FDV,AZ
N7YIQ,AZ
KW7E,AZ
N1QKD,AZ
AG7GB,AZ
N7AMA,AZ
WA0KDS,AZ
K6VHF,AZ
K7KE,AZ
N7VF,AZ
K7GA,AZ
W7SS,AZ
N7SF,AZ
N7TY,AZ
KD5OMJ,AZ
N0KRE,AZ
KC7CS,AZ
K2AK,AZ
W3EYD,AZ
WA7NB,AZ
K6ANP,CA
K6FG,CA
N3RC,CA
K6RBS,CA
KB6C,CA
AC6K,CA
KQ6RS,CA
W6TY,CA
W6TCP,CA
KD6WW,CA
NC6R,CA
WB6RLC,CA
N6YFM,CA
W1WWA,CA
K0AU,CA
W6AFM,CA
WN6K,CA
W6TK,CA
WB6FWS,CA
AK6R,CA
W6INO,CA
WA3IHV,CA
AC6A,CA
WE6Z,CA
W6XB,CA
AJ6LG,CA
KK6X,CA
KD6NRP,CA
N5YJZ,CA
K6WRJ,CA
N6NU,CA
NT6Q,CA
N3FAA,CA
N6ZT,CA
KC6AWX,CA
WARD,CA
K6QU,CA
AD6KH,CA
W6DCC,CA
K6CY,CA
NK6A,CA
W7XZ,CA
K6HGF,CA
W6EDY,CA
K6ZP,CA
N6HC,CA
N6PM,CA
NA6Q,CA
AF6O,CA
W6SL,CA
N6FVY,CA
W0PE,CA
KN6AVZ,CA
N6ED,CA
K6EI,CA
K6RO,CA
K7YMG,CA
K6QCB,CA
W6AER,CA
KG6IYN,CA
KE6GLA,CA
N6TTO,CA
WA6I,CA
W6RC,CA
KD6GRD,CA
W6HB,CA
W6TMD,CA
N6VYT,CA
K6DMY,CA
W6MYN,CA
NA6O,CA
W6MKO,CA
W6YLZ,CA
N6VNI,CA
K6VV,CA
K6UFO,CA
N5KO,CA
KN6DHT,CA
K6LUM,CA
W4UAT,CA
AB6A,CA
K6KM,CA
KM6TFY,CA
K6BV,CA
W6LD,CA
NC6W,CA
K6NX,CA
KI6QEL,CA
NJ6G,CA
W6B,CA
KN6GVI,CA
AD6E,CA
KB6CIO,CA
WM6Y,CA
W0YK,CA
KN6KAO,CA
ND6H,CA
K6TKR,CA
W6OZI,CA
KC7XE,CA
W6JCH,CA
W6AAX,CA
W6A,CA
KB6DYA,CA
KM6GUO,CA
N6YJ,CA
KE6FOA,CA
K6YES,CA
W6JZ,CA
W6WF,CA
K6NR,CA
KK3KK,CA
N6DDG,CA
K6MKF,CA
K6ERF,CA
NU6U,CA
AD6D,CA
W7IV,CA
W6WA,CA
KK4KWV,CA
N6UNH,CA
KJ6OVM,CA
WQ6Q,CA
W6XK,CA
NT6X,CA
AF6JO,CA
KF6RJ,CA
NX6D,CA
K6OK,CA
KK6P,CA
W1RH,CA
WA6MEM,CA
KF0UR,CO
K0JY,CO
K2RAS,CO
KE0DC,CO
W7WM,CO
KE0LLH,CO
KE0UBP,CO
K4ILA,CO
N0AD,CO
N0KV,CO
WT0DX,CO
W0UV,CO
KS9W,CO
W0QL,CO
K0RS,CO
AG0W,CO
KJ0I,CO
K5VYT,CO
K0MLD,CO
WJ0R,CO
W0BV,CO
W0IEA,CO
KE0KEP,CO
W0ZXR,CO
W0IZ,CO
K0OUT,CO
KG5FS,CO
W0GAS,CO
W0LSD,CO
W0MU,CO
WB0MH,CO
NX1V,CO
KC0GU,CO
K5GTO,CO
K0MC,CO
WC7WB,CO
KB0VHA,CO
W0GJT,CO
KE0MAQ,CO
WD5ACR,CO
KE0RVP,CO
AD0XB,CO
KB4IR,CO
N2PC,CO
K0KKU,CO
KE0NRE,CO
KI0KB,CO
N0GTO,CO
KD0WQC,CO
K0KVA,CO
N0GOS,CO
WF9F,CO
K4SNW,CO
W5AP,CO
K7SCX,CO
WV0Q,CO
W0EET,CO
W0DHB,CO
AB5ZR,CO
AK0DX,CO
K0DME,CO
K4PY,CO
AB4BA,CO
W1LQA,CT
K1JX,CT
WB1DMK,CT
KA1AL,CT
W1CEW,CT
NY1S,CT
KQ2Y,CT
N1LSD,CT
N1MD,CT
W0JAY,CT
W1JN,CT
K1RMN,CT
W1RM,CT
WA1WK,CT
W1DIG,CT
N1GUV,CT
NP2GG,CT
K1IM,CT
WA1NGH,CT
KD1J,CT
W1KRI,CT
W1VT,CT
W1RPQ,CT
K2NF,CT
AG2K,CT
WF1H,CT
KC2SYY,CT
N1LOU,CT
W1AVK,CT
W1UK,CT
W1EQ,CT
N1ZLE,CT
N1YV,CT
K1WY,CT
N1QAE,CT
KC1ERO,CT
NJ1Q,CT
W1CU,CT
KC1MEY,CT
N1VC,CT
ND1X,CT
K1XO,CT
N1BRL,CT
KI1U,CT
WA1OTZ,CT
W1ATV,CT
N1TGE,CT
WJ1B,CT
W1ARY,CT
N2OHH,CT
N1KPW,CT
W1HBR,CT
W1JGM,CT
N1JY,CT
W1SPS,CT
AA1JM,CT
W1UED,CT
WA1FFT,CT
KA1ANT,CT
WA1UZO,CT
W1DQ,CT
W1TMS,CT
KC1DMA,CT
WA1DD,CT
KC1HTT,CT
N1GBE,CT
W1CFA,CT
N1API,CT
W3N,CT
KB1YKJ,CT
K1OUH,CT
KC1NMJ,CT
NU1U,CT
W1RPG,CT
N2WQ,CT
KA1DMA,CT
WD1M,CT
W1RPN,CT
N1CPL,CT
N1CHP,CT
K1RHH,CT
N1RV,CT
KC1MBR,CT
K1LHO,CT
K1ZZ,CT
WB1J,CT
N2KOF,CT
KA1EUQ,CT
KC1IGW,CT
AI1V,CT
AK1CT,CT
N1TVL,CT
KC1LJK,CT
W1MKC,CT
N2NWK,DC
NN3RP,DC
N3VEZ,DE
KC3FAU,DE
K3DVF,DE
KA3ZLS,DE
WB3JUV,DE
KT3LZY,DE
KC3BVV,DE
N8NA,DE
AC3LZ,DE
KC3DY,DE
N3DXX,DE
K3WI,DE
KC3LOJ,DE
N3TTT,DE
WA3THL,DE
KC3AM,DE
AC3DH,DE
KC3MAL,DE
K3REW,DE
KB3YVZ,DE
K3PX,DE
W3WTE,DE
NY3C,DE
W8UV,DE
K3CNH,DE
KA3KHZ,DE
W3MLK,DE
KB2GCG,DE
WA0CIE,DE
K3LT,DE
WB3LGC,DE
WA3GGM,DE
KT3R,DE
AA1K,DE
K2RCB,DE
KC3OO,DE
K9RS,DE
NG2O,FL
WC2F,FL
K9OM,FL
W4OEP,FL
W4FR,FL
NK4DX,FL
W4ZTH,FL
W4TLA,FL
AA4CB,FL
K9QLL,FL
KU4RP,FL
WW1SS,FL
KM4WZD,FL
KO4ADA,FL
N4PAZ,FL
K2EK,FL
WB2TQE,FL
KJ4RWD,FL
WB9KVD,FL
KO4XL,FL
K3MTO,FL
AD4ES,FL
KM4VJW,FL
KI4FSI,FL
N6AR,FL
WB4TDH,FL
AA4IB,FL
K5JF,FL
K0LUZ,FL
K2IL,FL
KN4EUQ,FL
N2TPA,FL
KN4TYK,FL
KA1AF,FL
KB2ELA,FL
N4ME,FL
W1JBD,FL
K7HJE,FL
KN4RLP,FL
K1WAT,FL
W4CKT,FL
NA4RR,FL
K4SXT,FL
WY4I,FL
K4CVL,FL
N4YYV,FL
K3VN,FL
N9OU,FL
W4SO,FL
KQ0J,FL
W4ALR,FL
W4WRA,FL
W4EFK,FL
W8QBD,FL
KT4WI,FL
ND1C,FL
K3SRG,FL
KD4SR,FL
KN4RD,FL
KN4DXT,FL
KN4WOW,FL
KN0A,FL
WA4CES,FL
NO7GX,FL
KS4WA,FL
W4LRN,FL
KB4LHP,FL
KJ4QHL,FL
NR1DX,FL
W2SAH,FL
WA2PAY,FL
WA4MB,FL
KM4UJI,FL
W4UB,FL
KN4CPA,FL
N4PSK,FL
W4EBB,FL
N4DJJ,FL
K4KEW,FL
K2MRK,FL
AA2MF,FL
WJ2N,FL
KK4ZWC,FL
W1JHU,FL
K4NCO,FL
NK4L,FL
KF2GQ,FL
K4QD,FL
NV4J,FL
N0VFJ,FL
W4KEK,FL
WB2REM,FL
NR4A,FL
KN4ZGM,FL
NF4A,FL
KM4RL,FL
KN4QLH,FL
K8NK,FL
K4WQ,FL
W4IEE,FL
WD4LHT,FL
WB4MNK,FL
K4ABB,FL
W4HXH,FL
N4KPI,FL
K2CAF,FL
WB4Z,FL
W1DAR,FL
W4CU,FL
W1DOH,FL
KS3K,FL
NA6Y,FL
N2SS,FL
W4RQ,FL
WN2J,FL
K5AUP,FL
K1KEN,FL
K4NYX,FL
WB5ZGA,FL
W4MRJ,FL
NC4CC,FL
K3QH,FL
KE7HX,FL
N3EA,FL
NA4DC,FL
N4PSE,FL
KO4DCR,FL
K4KKK,FL
N1XAU,FL
KO4EMM,FL
W9BS,FL
N4TUR,FL
N2WJ,FL
K8LBH,FL
W4GHG,FL
N8MOE,FL
K2PS,FL
AD4Z,FL
KC1AR,FL
W8TTY,FL
W1ZID,FL
KD4DS,FL
N4BP,FL
KB2M,FL
W1WAB,FL
WC4H,FL
N4KM,FL
KH6M,FL
N1UL,FL
K4W,FL
NC4H,FL
W0VHF,FL
KK4PJ,FL
N4RRR,FL
AF4Z,FL
KN4EUK,FL
KD4JS,FL
WR0E,FL
W4CHA,FL
N4NF,FL
KC4PX,FL
N4KVL,FL
W9ICK,FL
W4WET,FL
W4TTZ,FL
KB2AS,FL
NY4FD,FL
W2ZI,FL
K4FRQ,FL
K4HEB,FL
KK4RDI,FL
N3CMH,FL
NN3Y,FL
N4PIE,FL
WK4G,FL
KM4DY,FL
AE4EC,FL
KC2UP,FL
AA8R,FL
KX4WQ,FL
KE4GS,FL
AA4NP,FL
NA4DA,FL
K4GWQ,FL
WB2DRV,FL
KZ1O,FL
W4JEH,FL
K4SBZ,FL
N9NFT,FL
WC3W,FL
K4XZM,FL
AD4C,FL
K1LTJ,FL
K2DS,FL
KF4OQA,FL
N2EDU,FL
KM4WMC,FL
W3IK,FL
K4TFT,FL
WU3Z,FL
W4CLJ,FL
KK3Q,FL
KM4CRZ,FL
N6OA,FL
KC4FWS,FL
W7HU,FL
WG0Y,FL
WA2VCQ,FL
N5BO,FL
W9VOB,FL
KJ3LR,FL
WA4IPU,FL
KN4SCE,FL
W4FID,FL
K4GHB,FL
KN4CLX,FL
N4LDF,FL
KA3EHL,FL
N4IOF,FL
AF3K,FL
W4KEF,FL
W4XCO,FL
W1SPG,FL
K1MSH,FL
KM4HI,FL
K0MO,FL
KN4YYY,FL
NY4I,FL
KB1UHA,FL
KQ3K,FL
KO4DNM,FL
KK4DOD,FL
AI4FR,FL
KE4QVB,FL
K3LUE,FL
N1MVV,FL
NT4MV,FL
W4KJP,FL
NB3P,FL
W1JJC,FL
W9MNC,FL
AI4JD,FL
NQ3N,FL
AF4MT,FL
N4ZBO,FL
WD4CNO,FL
KO4AZV,FL
K4UTL,FL
WC3A,FL
K7BEN,FL
NE9O,FL
KW4FAB,FL
K4OBL,FL
N4IBG,FL
KI4SFT,FL
N4OMJ,FL
W4WWB,FL
KK4INZ,FL
K4MM,FL
KC4VKG,FL
WD4C,FL
N4GXX,FL
AA4CP,FL
W3EZB,FL
AD6Q,FL
WB5SEA,FL
KM9Z,FL
N4IFD,FL
K4JIM,FL
K4LIX,FL
K4MIA,FL
KN4EBW,FL
KM4J,FL
K4QGC,FL
W3HZM,FL
W1FXX,FL
KX4YR,FL
KB0VB,FL
KV4GA,FL
K4OMD,FL
W4RFA,FL
N4SFC,FL
NI4MX,FL
KR4WB,FL
KQ4UH,FL
N8GU,FL
W4ZGR,FL
KM4MSR,FL
W3CHH,FL
N9MKF,FL
W1TWS,FL
KB4FB,FL
WD8NPZ,FL
W4DWG,FL
K4AOQ,FL
N0VB,FL
K4GAZ,FL
KK4HET,FL
KC8ZZ,FL
KM4CBT,FL
KN4GQB,FL
WJ4ZW,FL
WA4EMU,FL
N0FPH,FL
N4KHI,FL
W3LR,FL
KE1F,FL
WA4LOX,FL
K8DSS,FL
KO4ACZ,FL
KV4HV,FL
KJ4SRY,FL
K4KCL,FL
W3IFI,FL
KD1GQ,FL
KB1JRO,FL
ND8R,FL
WB2FVR,FL
AE4EK,FL
WB8VUU,FL
AA4JS,FL
W5PTB,FL
KM4CQG,FL
KO4GFU,FL
WZ3T,FL
WB8UFC,FL
NW9H,FL
WD4DSV,FL
KD4IE,FL
K4OZS,FL
KD4CM,FL
K8EQ,FL
K4PRO,FL
K4NGG,FL
W4LDS,FL
KD0CXT,FL
KK4EUN,FL
N4OFX,FL
K9DY,FL
WB4KSP,FL
NF5KF,FL
K1DU,FL
KD4IMA,FL
W4GKA,FL
KE7BMG,FL
W3PV,FL
WB4RAG,FL
KZ4ZZ,FL
WA2CBX,FL
NN2T,FL
K4MJA,FL
KN4KVC,FL
KJ4EJ,FL
KD2SXD,FL
NY8Q,FL
KN4PXJ,FL
KM4BWW,FL
W1DNP,FL
K4ILG,FL
K4PGD,FL
K8AEF,FL
AA4TM,FL
KO4DDK,FL
KQ3O,FL
KO4EGA,FL
K9JMS,FL
W1VSN,FL
NY3W,FL
W8CBC,FL
KM4OOD,FL
W1HQL,FL
KS4UG,FL
KM4JWC,FL
KA6U,FL
W1SRR,FL
WS4A,FL
KC4QX,FL
N4EXA,FL
K4JAF,FL
W1NDS,FL
KO4IWJ,FL
K2WC,FL
K4GDJ,FL
W4BH,FL
KK4WYN,FL
N4PHH,FL
W1GLV,FL
WB4RUZ,FL
AB4LL,FL
N4NR,FL
WB8CZH,FL
KO4EJD,FL
KO4JAV,FL
N1XX,FL
N4DV,FL
AB4QS,FL
WA8KNE,FL
WH6A,FL
K4PPK,FL
N4RAG,FL
WE5MAG,FL
KE4OZD,FL
N4GRC,FL
W9KB,FL
KE9DT,FL
AK4N,FL
K1OSE,FL
KB4EC,FL
W4OD,FL
KU1T,FL
N3ICK,FL
KO4AEP,FL
N4MUH,FL
WB4MM,FL
KA3DHV,FL
AD4K,FL
KI4TG,FL
WA4M,FL
KE8JWE,FL
N8NN,FL
W4AFB,FL
KO4GGA,FL
KM4SQS,FL
NN4X,FL
W4KBX,FL
KE5UGQ,FL
N2YF,FL
AB4GW,FL
KO4DEA,FL
N2OHP,FL
N4LJT,FL
W3FJR,FL
W4LT,FL
K3RNR,FL
K9RQ,FL
KJ4SKO,FL
N9AMI,FL
W4RNO,FL
KE4JQ,FL
K4ADR,FL
KX5U,FL
WO4GQ,FL
W4BZM,FL
K2LYV,FL
KN4PPD,FL
AJ4WC,FL
ND4G,FL
KB5TJI,FL
KE0JMK,FL
W0PV,FL
K4YDE,FL
KT4LST,FL
K2ZW,FL
W4CNS,FL
KS7D,FL
K8RGI/4,FL
KM5AT,FL
N4XCI,FL
KC4CL,FL
KM4JGN,FL
W9PB,FL
W4IHI,FL
W4EE,FL
N4NDR,FL
KA4JRY,GA
W4VAS,GA
ND4V,GA
W4FWP,GA
NI4Y,GA
WF8E,GA
WA4ZXV,GA
W1AM,GA
KV4VT,GA
KE4CQ,GA
W4FGA,GA
KN4DS,GA
NZ2X,GA
WD4LYV,GA
K4DXT,GA
AB4BJ,GA
N4OYT,GA
AA5JF,GA
KX2L,GA
WB4NFG,GA
KD4YDD,GA
W4IMD,GA
K2JFM,GA
KB4SGA,GA
K4EA,GA
WA4CCS,GA
WX4SGA,GA
W4SPD,GA
WI4R,GA
W4AX,GA
KX4IB,GA
N4PCB,GA
AG4QD,GA
K4AFR,GA
W4LLJ,GA
KM4LFT,GA
KC9LYM,GA
NN4EE,GA
N4LCC,GA
KE4FFX,GA
KC4HQS,GA
K5KBM,GA
AI4AR,GA
W4OM,GA
W4TMD,GA
KK4FKH,GA
KE4UW,GA
K7WOF,GA
W3DJS,GA
KX4R,GA
NN4DX,GA
K4MQ,GA
KB4KBS,GA
AB4KK,GA
KU4SD,GA
N4GG,GA
NV4C,GA
K4OY,GA
WD4CVK,GA
KA4RSZ,GA
KS4OT,GA
K4VBM,GA
KB2DPY,GA
W4ZF,GA
K8EAB,GA
N4RLD,GA
N2FYR,GA
K4GO,GA
K4RKP,GA
NN9DD,GA
W3BLT,GA
W6IZT,GA
KK4CQN,GA
KA4JON,GA
KN4RNO,GA
KD4APP,GA
K9APD,GA
N4XPZ,GA
K4FPV,GA
K4BBH,GA
KW4ZW,GA
KK6DBX,GA
K6EID,GA
WW4LL,GA
WF4F,GA
KK4OHF,GA
W4QK,GA
KK4SSH,GA
KO4DBS,GA
KJ4GK,GA
W4DWS,GA
KX4AZ,GA
WK2Y,GA
N4JRS,GA
N7GRB,GA
K4NV,GA
W4TM,GA
N0FXQ,GA
KX4EM,GA
K4PQC,GA
KC7RW,GA
WB9MXG,GA
W4GOP,GA
KN4TCF,GA
W4LDE,GA
K4KR,GA
WB9RWL,GA
KN4GGH,GA
K4ROZ,GA
N4UQ,GA
K3GWK,GA
KO4CAA,GA
K4I,GA
KN4CWO,GA
W2ECK,GA
W4LSG,GA
KE4FGD,GA
KC4UCT,GA
N3XX,GA
N4NIA,GA
KJ4MSR,GA
K4HCQ,GA
N3AIA,GA
NM4W,GA
WO4MW,GA
KN4LGM,GA
K1SUU,GA
N4MGA,GA
N4VG,GA
KC4FYG,GA
N0GJR,GA
N4NQ,GA
K4EHI,GA
N4VPI,GA
KO4FAS,GA
KO4AWT,GA
K4DRS,GA
K4KCR,GA
W4XFM,GA
AA6CK,GA
K4EM,GA
WF4W,GA
W4RGW,GA
K4JTV,GA
WD5GNX,GA
W4ZUG,GA
KX4SR,GA
WA2AXB,GA
KF4BI,GA
KO4BVB,GA
KT4XN,GA
N4SFU,GA
K4A,GA
K4R,GA
KN4OTT,GA
W4MAA,GA
N1KDO,GA
AI5II,GA
KO4GCH,GA
KN4KQJ,GA
AC4AC,GA
KO4DEF,GA
KO4EBE,GA
K4JPN,GA
KZ4IM,GA
KJ4FSU,GA
AK4T,GA
KM4TQD,GA
W6NEL,GA
KD4CJO,GA
W1JKU,GA
K4ICQ,GA
WG4P,GA
KK5RX,GA
W9AT,GA
KN4GFG,GA
KN4CPW,GA
N4UXP,GA
N4BKC,GA
WO1VEN,GA
KW4UM,GA
AJ4BH,GA
N4VLK,GA
N4EKB,GA
K4SDM,GA
KM4MK,GA
KN4QMB,GA
KO4HGY,GA
NE4S,GA
KO4FQO,GA
K4PI,GA
N4OME,GA
WA2EXZ,GA
AC4PQ,GA
AF4HS,GA
W4UOC,GA
K4LG,GA
N3CDF,GA
N4AII,GA
K4DDE,GA
KA8LAD,GA
KX4HA,GA
N7BU,GA
W4VS,GA
KB4WGU,GA
AB4KN,GA
W3CDE,GA
KO4IHI,GA
N4MNW,GA
K4SHW,GA
KN4ABC,GA
WA2NJW,GA
K5EEA,GA
K4MY,GA
KO4FNQ,GA
KN4NDV,GA
KG6JDX,GU
WH6HI,HI
WH6S,HI
AH6U,HI
AH6HY,HI
KH6TU,HI
K2GT,HI
KH6EU,HI
KH6ML,HI
AH6SZ,HI
N0AV,IA
K0VM,IA
NU0Q,IA
N0GZ,IA
NU0G,IA
WB0MCO,IA
AC0XY,IA
K0DV,IA
KC0CF,IA
K0INR,IA
AD0GS,IA
K8OM,IA
NO0B,IA
K2DSW,IA
KB0XY,IA
W9AFB,IA
W0QC,IA
W3ACO,IA
KE0LCS,IA
WY0V,IA
K0SRL,IA
K0IS,IA
KE0CH,IA
KF4GEF,IA
K0UPH,IA
KD0ZW,IA
W0GJ,IA
W0WP,IA
AE0TB,IA
NC0N,IA
N3SL,IA
W0C,IA
WB0NCR,IA
K0WOI,IA
W0A,IA
K0AEB,IA
N0MRZ,IA
AD0AR,IA
K0WL,IA
KA0PVI,IA
K0WLC,IA
N0VTY,IA
WA0EIR,IA
N4CC,ID
N7UVH,ID
AA7UN,ID
KK7X,ID
KG7CW,ID
K7TM,ID
W7AL,ID
N7ESU,ID
N7AY,ID
AF6PM,ID
WB7CYO,ID
KI0E,ID
KA7ICF,ID
KI7CC,ID
K7MK,ID
W7BOB,ID
W7QDM,ID
K7SYS,ID
K7MAC,ID
W9JJB,IL
W9TMW,IL
N2BJ,IL
K7CS,IL
ND9G,IL
KB9ZM,IL
WA9JOQ,IL
KK9M,IL
KB9CJR,IL
W9PDS,IL
K9FE,IL
W9TTH,IL
K9XE,IL
W9RTB,IL
N9EXL,IL
KD9FGR,IL
K9IJ,IL
W9OO,IL
NA9D,IL
N9SU,IL
KS9I,IL
K9RJO,IL
W9VA,IL
WD9IQN,IL
W9AEB,IL
N9AKR,IL
W9MK,IL
WB9TRJ,IL
AI0Y/9,IL
W0LEN,IL
W9OSI,IL
N9LYE,IL
N9VV,IL
KD9KOI,IL
W9KXQ,IL
K9ARZ,IL
W9DX,IL
W9XB,IL
K9KRO,IL
WI9I,IL
W8LVN,IL
KC9YTT,IL
NC9T,IL
KD9MS,IL
N9TR,IL
K9CS,IL
KC9UTQ,IL
KD9EFO,IL
K9BAZ,IL
KD9PBQ,IL
KJ4EG,IL
K9CEW,IL
KD9GOL,IL
KI9A,IL
WA9EIC,IL
N9ATM,IL
KA0WAS,IL
AB9M,IL
AC9XF,IL
WA8LIS,IL
N9IVO,IL
N9NJY,IL
K9DXA,IL
KA9BHD,IL
WB9JOX,IL
AK9S,IL
KC9GHA,IL
KD9CK,IL
K9DXR,IL
W9IIX,IL
WD9GYM,IL
KW9U,IL
N9TK,IL
KB9FDX,IL
NV9L,IL
W9ILY,IL
WA9PIJ,IL
AB9YC,IL
N9OK,IL
K9RE,IL
W9II,IL
WW9S,IL
N9ETH,IL
N9XCR,IL
WZ9Q,IL
KJ9P,IL
K9XP,IL
W1OB,IL
N9UM,IL
KD9EOT,IL
N9SW,IL
W9RF,IL
WS9V,IL
K9XW,IL
N9APK,IL
KK9H,IL
AI9T,IL
KX9DX,IL
AB9CN,IL
KZ9DX,IL
W9I,IL
W9KM,IL
KI9DX,IL
AC9WR,IL
K9DEB,IL
K9ID,IL
KC9IL,IL
WA9FVP,IL
W9CHI,IL
AB9B,IL
WD9DZV,IL
WA9YKK,IL
N9TO,IL
AC0UH,IL
WA9EVF,IL
N9PA,IL
WA9LEY,IL
KB9PKI,IL
KD9MCC,IL
WD9JEN,IL
W0XXX,IL
W3AW,IL
N9JF,IL
K9OBQ,IL
K9KMD,IL
KV4AA,IL
N9GUE,IL
W9VQ,IL
KD9KCK,IL
KD9CFM,IL
W9MDB,IL
KD9NYE,IL
NN9T,IL
N9YLZ,IL
W9KCJ,IL
N9DLB,IL
K9LRG,IL
KC9YDV,IL
K9M,IL
K9YY,IL
KC9KXD,IL
KS9A,IL
KE9UA,IL
AA9NN,IL
K9NR,IL
KV3T,IL
AC9EM,IL
KE9ZZ,IL
WB9RAS,IL
KU9Z,IL
K9LOT,IL
N9EAT,IL
NA9RB,IL
KQ9I,IL
KC9YRA,IL
WB2FZC,IL
N9RJM,IL
W9FFF,IL
KD9QGE,IL
N9YUE,IL
WE9PP,IL
K9KQX,IL
KZ9P,IL
WB9DEH,IL
W9XA,IL
N9PS,IL
K9XD,IL
WB9Z,IL
NA9X,IL
KD9POE,IL
KC9K,IL
W9MO,IL
AA9TL,IL
N9XP,IL
K9XJT,IL
KW9D,IL
W1CLM,IL
AI9F,IL
KB9ITE,IL
KD9GY,IL
WI9Z,IL
K9MM,IL
AC9TA,IL
W9IMS,IN
WT9U,IN
KD9EYW,IN
N9DR,IN
KC7JEF/MM,IN
KC9HZT,IN
WK9X,IN
WB9CNE,IN
W9DF,IN
WE9I,IN
WA9VZD,IN
N9OI,IN
N9ECY,IN
KD9ANS,IN
W9CPV,IN
K9PBN,IN
KB9AVO,IN
KK9V,IN
KA9VRX,IN
N4BAA,IN
K9US,IN
W9RBB,IN
K5QO,IN
AC9SJ,IN
AF9A,IN
KD9MER,IN
W9HT,IN
W9IJ,IN
W9CSX,IN
WB9TLH,IN
W0ALA,IN
W9GT,IN
KD9NPL,IN
KB9GKG,IN
N9RD,IN
K0SD,IN
KD6HWI,IN
K9RU,IN
N9IVQ,IN
KK7XT,IN
N9AVC,IN
K9IG,IN
KD9IGC,IN
N9FN,IN
K9FN,IN
KD9BZD,IN
KF9NL,IN
WB9HLA,IN
WB9OTX,IN
W9YSX,IN
WB9GCV,IN
W8UZ,IN
AB9V,IN
N9MR,IN
N9GKE,IN
KD9HAV,IN
K9LZJ,IN
W8Y,IN
NJ9D,IN
KC9EOT,IN
N9KT,IN
AJ9C,IN
K9XT,IN
N9XG,IN
W9ZAW,IN
N4TZ,IN
AC9HP,IN
NG9J,IN
W9LTN,IN
W9YW,IN
N9VZL,IN
K9A,IN
K9EKP,IN
N9YB,IN
N9WQP,IN
AC9HO,IN
KB9VK,IN
WA9THI,IN
WB9YCE,IN
N9VO,IN
KK9G,IN
K9BFG,IN
KT8O,IN
KC9FLB,IN
AA9YP,IN
KE9CK,IN
N9RFJ,IN
KD9EAY,IN
W9BLF,IN
N9UKE,IN
WB9ONU,IN
N9MKC,IN
KR9U,IN
KD9HIG,IN
KI9E,IN
KB9NHZ,IN
W9NED,IN
KA9OKH,IN
N9VMO,IN
NT9F,IN
ND9Y,IN
KB9JHU,IN
AD0TY,IN
WO9G,IN
KB9AX,IN
N9MWC,IN
N9AJD,IN
W4UHF,IN
W9GQA,IN
N9KR,IN
W0CD,IN
K9HMX,IN
W1MUY,IN
N9LOT,IN
WD9ATP,IN
KN9C,IN
K9HX,IN
KD9OPV,IN
AA9KB,IN
KA3MFN,IN
NT9J,IN
N9HZX,IN
WD9ENB,IN
KD9LSJ,IN
AC9QM,IN
KC9UJP,IN
KE9HS,IN
N4SV,IN
KF9UP,IN
KB9NVI,IN
N9DWH,IN
KC3OL,KS
N0YO,KS
K0WJ,KS
K0AP,KS
KS0JD,KS
KE0QPG,KS
KS0AA,KS
KS0EGL,KS
N0AB,KS
KE5BR,KS
KB0PPQ,KS
W0ZAP,KS
N0AO,KS
KB0UOA,KS
KE0CAZ,KS
W0MI,KS
W0ERB,KS
WB0RYT,KS
KF0XU,KS
KS0USA,KS
KC0DEB,KS
K0FJ,KS
K0FCL,KS
W6M,KS
W0F,KS
KB0ICT,KS
W0WND,KS
N0ABA,KS
K0VXU,KS
K0NYX,KS
K0BRE,KS
NS0R,KS
KE0TFY,KS
NQ0M,KS
KE0ZJI,KS
AD0IM,KS
AB0MB,KS
N0CWR,KS
KD0HOR,KS
N9GB,KS
K0VGB,KS
N4HID,KY
K3KZU,KY
K4KE,KY
KO4XJ,KY
AG4EX,KY
KD5BFF,KY
W5MX,KY
KK4OMJ,KY
AE4GH,KY
N4ART,KY
WI4B,KY
K4BWP,KY
K4SAF,KY
W4CNP,KY
KK4YMU,KY
WB4CTX,KY
KF4FMQ,KY
W4WWN,KY
W4DHE,KY
N4KZ,KY
KJ4GL,KY
WR4F,KY
K4ATR,KY
K4CMS,KY
W4WWS,KY
K4WW,KY
WB2UBW,KY
KK4KTV,KY
N2GWK,KY
N4QS,KY
K4OP,KY
W4UWC,KY
WA4VOC,KY
AI4EY,KY
AF4Y,KY
K4UU,KY
KS4V,KY
NV4X,KY
N8VQG,KY
KC4WQ,KY
KE4ZDJ,KY
AI4SR,KY
N4JRG,KY
W4OXB,KY
WA4VJK,KY
K4UI,KY
KM4FO,KY
K4WLG,KY
AH6HR,KY
KW4YA,KY
KB4GNP,KY
N6DHU,KY
W4CN,KY
WB4UMR,KY
KZ4KX,KY
KN4UCX,KY
N4KWT,KY
KU4A,KY
WA4JQS,KY
W4LID,KY
KN4MLR,KY
K4SRW,KY
WJ4T,KY
KK4SQB,KY
K7EK,KY
NY8K,KY
W4NHO,KY
KV4DX,KY
N4JKO,KY
KN4WZQ,KY
KJ4ND,KY
K7CTR,KY
NA4NA,KY
KY4UE,KY
N9WA,KY
KI4OWY,KY
KE4WUP,KY
KD4MDC,KY
KK4YUG,KY
WB4DKQ,KY
KN4MAA,KY
K8UHL,KY
KM4IY,KY
KO4BVP,KY
N4RZ,KY
NO1ZE,KY
W4UII,KY
KO4FPO,KY
WB8U,KY
N4CQR,KY
KQ4EL,KY
KN4ZIR,KY
KO4ANX,KY
KF4DFM,KY
KY4OD,KY
W4DAF,KY
N4MRM,KY
KO4FYC,KY
K4WDC,KY
K4JOW,KY
W4RTT,KY
KC4WPS,KY
K4NKY,KY
KA4SWT,KY
NU4N,KY
KY4MC,KY
WA4FOB,KY
K4JDY,KY
KN4YMJ,KY
KY4JW,KY
W5CIA,LA
N5MEG,LA
WW5G,LA
KD5R,LA
KB6UF,LA
W5L,LA
KB5VJY,LA
K5NV,LA
W5ULR,LA
AA5AU,LA
KE5PCV,LA
KF5YNN,LA
N8OO,LA
N5WJ,LA
W5WEO,LA
WM5H,LA
WB0TAX,LA
N5LN,LA
N5WXY,LA
KC8PZA,LA
KI5EE,LA
W5ETL,LA
AA5AT,LA
KG5AAH,LA
N5JJH,LA
N5OB,LA
N5VU,LA
WB5AAA,LA
K5NQ,LA
WW5RC,LA
W5ZPA,LA
N5RRC,LA
W5SUM,LA
KI5IMY,LA
KE5TA,LA
WA5REB,LA
K5TC,LA
KG5TOD,LA
N5DUH,LA
W5JAC,LA
K5EW,LA
KG5ZMQ,LA
K5TIN,LA
KG5FRR,LA
KA5ZHG,LA
AC5O,LA
KG5EXB,LA
KY4RJ,LA
WB5OZA,LA
W5CHA,LA
K5KBG,LA
W4AFY,LA
KB5IAV,LA
W5PGS,LA
KI5BHV,LA
N5WA,LA
KI5AFY,LA
W5ZZ,LA
WA9JBR,LA
W5LD,LA
AD5FK,LA
N5SDH,LA
KD5GFG,LA
KV8S,LA
K5MML,LA
W5N,LA
KB1OIQ,MA
W1TCD,MA
K1TKS,MA
W1UU,MA
AA1ON,MA
AJ1L,MA
W1SD,MA
K1VK,MA
WA1RCT,MA
AB1J,MA
W1SHS,MA
AG1A,MA
NQ1W,MA
KB1WSR,MA
NN1D,MA
W1CSM,MA
K2H,MA
K1RV,MA
K1RN,MA
N1SNB,MA
KB1FWJ,MA
N1ROO,MA
K1BZM,MA
W1SS,MA
KA1CH,MA
KC1MLQ,MA
AA1JD,MA
NC1M,MA
K1SND,MA
KO1I,MA
KA1MR,MA
W1HFF,MA
WA1QFV,MA
W1FC,MA
W1HNZ,MA
N1EEK,MA
W1LAH,MA
KC1MZT,MA
N1TA,MA
KA1AQP,MA
W1MK,MA
KB1NYT,MA
K3JO,MA
KA1YQC,MA
K5ZD,MA
AA6YQ,MA
W1NA,MA
W1ZTL,MA
NU1O,MA
KO1U,MA
AB1II,MA
W1W,MA
N1DRS,MA
KC1HMW,MA
W1BS,MA
N1DM,MA
WM1G,MA
N1HOQ,MA
KB1IKD,MA
KC1DSQ,MA
WA1LNY,MA
WA1WCC,MA
N1WEN,MA
W1JC,MA
N9OZF,MA
N1MGO,MA
AA1O,MA
KB1EFS,MA
KC1KLL,MA
NN1C,MA
K1NZ,MA
WU1ITU,MA
WK1H,MA
N1HMT,MA
KC1HXR,MA
K1KQC,MA
KC1KRG,MA
W1BOS,MA
N1UZ,MA
WA1UMU,MA
KB1MGI,MA
W1NF,MA
N1DH,MA
W1USN,MA
KX1X,MA
W1DYJ,MA
W1YM,MA
K1DJ,MA
KF2HO,MA
W1UE,MA
W1AUV,MA
KR1DX,MA
W1FA,MA
W1TW,MA
W1EHQ,MA
KD1NN,MA
KJ1R,MA
N1VJM,MA
AC1JR,MA
KC1IEB,MA
KC1GHR,MA
W1LEM,MA
KB1CNB,MA
W1OF,MA
KC1JZE,MA
K7LSV,MA
W1SIP,MA
N1CNG,MA
K1THS,MA
KB1HKN,MA
AB1HD,MA
K1WZC,MA
KB1TOY,MA
KA1ULN,MA
W1BZJ,MA
W1KV,MA
WA1RIW,MA
K1ST,MA
W1ECB,MA
KC1G,MA
KC1EWT,MA
K1AVM,MA
W1HYN,MA
W1A,MA
N1UBR,MA
N1QCL,MA
N1RTS,MA
WK1O,MA
KE3KK,MA
W1XD,MA
NG1I,MA
W0ZEN,MA
WM4CH,MA
W1AFP,MA
W1JOL,MA
KC1NCN,MA
KB1KVD,MA
KC1AVD,MA
KG1RY,MA
W1FSH,MA
AA2T,MA
KD1SK,MA
N1PUA,MA
KC1LEA,MA
W1JV,MA
WA1NLG,MA
K1BGH,MA
N1DG,MA
N1MDX,MA
KC1MBA,MA
N1LZF,MA
K2KA,MA
W1GD,MA
N1PN,MA
KB1GMX,MA
WT3I,MA
K1VOI,MA
WA1MTI,MA
W1DRT,MA
WB1AEL,MA
W1NET,MA
W1IZZ,MA
K1OIK,MA
W1KBE,MA
N1RR,MA
K1EHT,MA
KB1CHU,MA
KA1KA,MA
W1TC,MA
K1MDA,MA
N3XL,MD
N3AAZ,MD
W3KIT,MD
WB8YYY,MD
K3RA,MD
N3QE,MD
W3BNN,MD
WA3MEZ,MD
WI1N,MD
N3KBF,MD
W9HJ,MD
K3LU,MD
WC3N,MD
AB3TS,MD
W0JRJ,MD
K1BZ,MD
AI3Z,MD
KA3TJI,MD
KC3GDT,MD
W3BBE,MD
N3SCP,MD
W3VL,MD
W3PH,MD
N3YUG,MD
N3PPH,MD
WA4BRX,MD
N1LID,MD
WA3PTF,MD
KC3NXC,MD
W3GTR,MD
W3FOX,MD
K1IDX,MD
W8BL,MD
W3A,MD
KA3CFX,MD
WM1E,MD
KB3PSD,MD
N3FZ,MD
W3FGP,MD
KB3AAY,MD
K3HMA,MD
NA1DX,MD
K3DO,MD
KE3GK,MD
AF3V,MD
N3VOP,MD
N6QHG,MD
KJ4KPW,MD
W3/M1WPB,MD
W2NBJ,MD
KB5WGT,MD
WB2GSL,MD
N3DAW,MD
K3CPK,MD
WC3SAM,MD
WB8BPU,MD
W3W,MD
K2F,MD
WA3MJZ,MD
KC3OOF,MD
N3IQ,MD
AK3Y,MD
W3UC,MD
W2OK,MD
W6YTG,MD
AK3B,MD
WX4D,MD
W3CVD,MD
KC3JTF,MD
N3WD,MD
W3DDF,MD
N3ALN,MD
KC3SWL,MD
WQ7F,MD
N3YPI,MD
WA3SWA,MD
KE3N,MD
W3MAM,MD
KC3NYT,MD
WA3EKL,MD
AA3ES,MD
K3JSJ,MD
AC3GH,MD
KB3WYU,MD
W3BUG,MD
KB3HHA,MD
KC3MSE,MD
KC8GIJ,MD
WB2JNA,MD
N1EK,MD
W3DJ,MD
AC3FS,MD
N3CHW,MD
K3OWX,MD
KE3QZ,MD
KB3EFH,MD
WA3GOS,MD
KB2SKP,MD
N3YZ,MD
KB3WAV,MD
K1RZ,MD
AC3F,MD
KU4CG,MD
KC3MMS,MD
K3KDX,MD
KB3MXK,MD
KC3S,MD
W8BLR,MD
KC3PAO,MD
AC3EK,MD
KC3NMR,MD
N3UBI,MD
AA3S,MD
KD3FB,MD
N3XWW,MD
WA3MD,MD
KC3JPP,MD
AC3EO,MD
N3RES,MD
KA3DCO,MD
KD3CQ,MD
N3HEV,MD
W2W,MD
W3SCB,MD
K3MM,MD
N3HSK,MD
N3RUA,MD
KB3UTL,MD
K3EJJ,MD
K3YBN,MD
W3KX,MD
N3SOJ,MD
W3LSN,MD
N3TFS,MD
W3UR,MD
N3CAL,MD
KB3VQC,MD
KC3ODW,MD
N3TJK,MD
KC3NOH,MD
AC3SS,MD
WA2HIP,ME
K1GJY,ME
NW1B,ME
K1EJA,ME
WA1ZDA,ME
KB1HNZ,ME
W0AQ,ME
W1EL,ME
K1NOX,ME
KC1IPX,ME
NJ1O,ME
KC1LED,ME
NK1I,ME
N1ZPY,ME
W1BFA,ME
KC1HXX,ME
AB1EP,ME
KC1JMF,ME
KB1VX,ME
KC1DLN,ME
N1FR,ME
W2ZEN,ME
W1QP,ME
N1DFD,ME
WR1E,ME
W1LH,ME
W1OWL,ME
K1QA,ME
KE1Q,ME
WW1L,ME
N0BYO,ME
N1DS,ME
WN1F,ME
K1EDG,ME
W1QU,ME
KC1CCD,ME
K1UO,ME
KC1KTB,ME
KC1KTS,ME
KC1MXB,ME
N1ECP,ME
W8SKB,MI
WQ8RP,MI
W8TOM,MI
W8DSB,MI
WD8S,MI
KC8BGJ,MI
KE8JCD,MI
N8JJO,MI
KD8VSQ,MI
W8TAM,MI
W8SSM,MI
N8GS,MI
KE8LBJ,MI
K8DE,MI
KB8MIC,MI
KD8SZZ,MI
N8UVI,MI
KB8U,MI
K8SIA,MI
WA8MCD,MI
KI8A,MI
KG8P,MI
AD8DU,MI
KD8FBS,MI
K8MX,MI
K8NYY,MI
W8MSP,MI
K8YV,MI
N8USY,MI
W8TE,MI
N8ERV,MI
AB8SF,MI
WA8ICK,MI
N8YQX,MI
KC8IV,MI
AA8WH,MI
NZ8V,MI
K8YE,MI
KB8APA,MI
W5TMK,MI
N8VY,MI
W1SKU,MI
AC8TO,MI
KC8MUE,MI
K8VT,MI
K8RCT,MI
K8AH,MI
AC8DB,MI
W8AB,MI
N8BW,MI
W8YRC,MI
N8KIM,MI
K8DID,MI
WB8UJB,MI
N8NM,MI
AA8IK,MI
KV8C,MI
K8CYV,MI
W8JER,MI
KB8AKZ,MI
W8ATE,MI
K8EB,MI
W8JY,MI
W8VS,MI
N8RY,MI
KK8MM,MI
K9DH,MI
K8RFI,MI
KB8TXZ,MI
W8MSC,MI
WE8HNT,MI
N8OKR,MI
KB8QJF,MI
W8JWN,MI
W8LLL,MI
K8MM,MI
KE8ERH,MI
N8ZVT,MI
KB8SRX,MI
KC8AMH,MI
W2GLD,MI
WA8EFK,MI
K8YBU,MI
W8BJF,MI
KU0D,MI
NE8Z,MI
WA8LE,MI
K8LEC,MI
N8DP,MI
K8UMF,MI
KG8CW,MI
NE8O,MI
WA8ERG,MI
N8UI,MI
KE8LDT,MI
K8DRW,MI
KB8THF,MI
KX8G,MI
N8EUI,MI
N8NVL,MI
K8TLC,MI
WF8D,MI
WK2X,MI
K8ZRY,MI
N8NXN,MI
KD8FEJ,MI
AD8BV,MI
K8ET,MI
N8CG,MI
N8HS,MI
K8OD,MI
N8XCO,MI
N8LAH,MI
W7WMB,MI
KF8QL,MI
N8BRO,MI
WF8C,MI
N8RU,MI
K8QKY,MI
K8TAS,MI
KE8OMJ,MI
W8MAF,MI
N8NJY,MI
K8IK,MI
KB8SW,MI
KD8MRM,MI
KD8JDC,MI
KC8BW,MI
KC8THC,MI
K8VC,MI
N8YO,MI
AC8JF,MI
WB8DDV,MI
K2IBM,MI
KC8SES,MI
WA2NRG,MI
KN8L,MI
N8KPE,MI
N8NQ,MI
K8OK,MI
AA4R,MI
WN8J,MI
KX8D,MI
KC8OYE,MI
W8JVP,MI
WX0Z,MN
K0MAN,MN
K0HB,MN
N0BUI,MN
N0UR,MN
WD0GOL,MN
K0TT,MN
AI0M,MN
KE0N,MN
W0TLE,MN
WA0IDK,MN
N0KK,MN
KE0RIY,MN
W0AAE,MN
N0RKS,MN
KV0X,MN
K0BBC,MN
K0KP,MN
KG0KJ,MN
K0IR,MN
K0QC,MN
KR0B,MN
W0SEI,MN
KD0VJS,MN
WA0MHJ,MN
K0XB,MN
AB0MQ,MN
K0KO,MN
AC0DA,MN
W0DYD,MN
N0PUI,MN
WB0VAK,MN
ND0MN,MN
KA9MJT,MN
W0AMX,MN
KB0R,MN
N0DOW,MN
KE0TL,MN
KC0LDH,MN
NQ0N,MN
W0COE,MN
W0JMP,MN
K4IU,MN
KE0BAQ,MN
N0AT,MN
K0AD,MN
KE0BRZ,MN
KF0QR,MN
WB0N,MN
W8EVJ,MN
K0AEL,MN
N0BAK,MN
WA0LIF,MN
K0HD,MN
W0IR,MN
W0PR,MN
K0SR,MN
N0YEP,MN
K0CFW,MN
KB0EO,MN
KE0EMB,MN
WX0MIK,MN
NI0K,MN
N0FJP,MN
W6GMT,MN
AA0AW,MN
WB0SD,MO
KD0BXU,MO
AI0I,MO
WA0TJT,MO
W6O,MO
K2HT,MO
K0DEQ,MO
AB0GT,MO
KE0YRN,MO
KE0TLC,MO
KE0VAA,MO
KE0QLX,MO
KB0VE,MO
KD0YTE,MO
N0JZ,MO
K0UA,MO
AB0QN,MO
KE0VRT,MO
WB8EJN,MO
W0QU,MO
KE0ELU,MO
NX0I,MO
K0HUU,MO
WA0EXO,MO
N0NAV,MO
AK0SK,MO
NY0K,MO
NI0G,MO
K0DEW,MO
N5TU,MO
KE0NMS,MO
AE0DC,MO
NR0Q,MO
K0SWT,MO
W6P,MO
K0OWG,MO
W0HRO,MO
KE0TPE,MO
KD0KIB,MO
K0XX,MO
K0SQS,MO
KC0NQY,MO
NZ0T,MO
NA4DX,MO
W5GA,MO
N0UMF,MO
W0FK,MO
AB0RX,MO
WA0OFM,MO
W0MB,MO
KD0WKB,MO
WD0ECA,MO
N0IF,MO
K0TPP,MO
N1CCC,MO
KN4FRG,MO
NA1KW,MO
AB8AA,MO
W5IUA,MO
N0BDS,MO
N0NV,MO
W0NFS,MO
WA2RNA,MO
KD0ZZ,MO
N0DPR,MO
WD0FRY,MO
W0WC,MO
WB0OQV,MO
AE0TT,MO
KM0M,MO
N7AGV,MO
N0AXZ,MO
KE0RYF,MO
KV9I,MO
WB5C,MO
KC0CC,MO
W0GMV,MO
KN4JX,MO
AD0BY,MO
K4SX,MO
AB9S,MO
AE0OM,MO
KB0OTY,MO
KF0ADW,MO
N0CML,MO
N0RLZ,MO
KC9TC,MO
KG0KP,MO
KE0QPP,MO
N0JL,MO
W0YGH,MO
KF4NHM,MO
KB0WLF,MO
WA0I,MO
WE0DX,MO
NN5O,MS
K4EYM,MS
K5TMN,MS
W5XX,MS
AE5MI,MS
KD5JHE,MS
W5MZX,MS
K5TRP,MS
AG5ND,MS
AB5FU,MS
N5TF,MS
KC5WQ,MS
W5BDB,MS
KM5MS,MS
KF8PD,MS
W5SGL,MS
N5YT,MS
KE5UGA,MS
K5WBM,MS
WQ5L,MS
K5VSD,MS
W5RWF,MS
K5CBS,MS
N4OGW,MS
AG5AB,MS
WA5TEF,MS
W5ORC,MS
AC5Q,MS
KB5ZEA,MS
W5WGF,MS
KD4VVZ,MS
WN2E,MS
N5GDM,MS
N5YY,MS
NG5J,MS
KF7JZ,MS
KI5JFW,MS
KE5LWY,MS
N5DOT,MS
KI5F,MS
WT4N,MS
W8DM,MS
K7ZYV,MS
W5MRE,MS
K5FZ,MS
K5CSA,MS
WW5OJ,MS
KC3HLT,MS
AG5ZH,MS
N5PD,MS
WD5EED,MS
K5MCB,MS
W5CSR,MS
KG5AWN,MS
WB4KZW,MS
AK5CT,MS
KM4LRH,MS
K3FM,MS
W5LAC,MS
N5LFA,MS
N4UPX,MS
KF5SFJ,MS
KG5GCC,MS
NA5NN,MS
KD4GUB,MS
K7YD,MT
K7VIC,MT
NZ7M,MT
KT7J,MT
K7CTM,MT
K9BM,MT
K7ZKM,MT
KD7HU,MT
KI0BJ,MT
WA6LAU,MT
WA7BGI,MT
KE7KPB,MT
W6R,Mo
KT4Q,NC
NO4FX,NC
N4CAP,NC
W4NSJ,NC
N4YDU,NC
W4CWA,NC
N3GTY,NC
K1OC,NC
WA1SXK,NC
W4BBT,NC
N4AA,NC
N4WI,NC
KN4ACN,NC
K4AX,NC
KS4S,NC
W3GQ,NC
K4EIT,NC
N4KEY,NC
ND7J,NC
NG4D,NC
W4OFA,NC
WA6GXQ,NC
KN4POG,NC
K2GAV,NC
W5DWA,NC
KN4RBN,NC
K4JUO,NC
W1NRB,NC
N4HER,NC
WO8L,NC
N4CE,NC
WD4ELG,NC
WA4PVI,NC
NS4F,NC
KN4USA,NC
W4AEN,NC
K4PC,NC
KN4RJX,NC
N4RF,NC
K4MT,NC
N1RIK,NC
K4KAY,NC
NK9N,NC
K4JEL,NC
KE2KQ,NC
K5LRV,NC
K2SD,NC
WD4HMA,NC
W6NWS,NC
W4UV,NC
WD4OIN,NC
K4TXX,NC
W4UEF,NC
KW4JY,NC
KW4SK,NC
N4JT,NC
K2J,NC
K2SFS,NC
W4GEH,NC
KN4MYB,NC
KC8GCR,NC
KN4QAV,NC
NV4A,NC
WA4YIZ,NC
N3WGM,NC
N4IJ,NC
N6WJM,NC
N4TKW,NC
WB4X,NC
KN4BTI,NC
W3DQS,NC
KM4SII,NC
N4USB,NC
K4ZO,NC
AJ3AA,NC
AD8J,NC
K4SAA,NC
NZ4N,NC
K4MB,NC
N4KEB,NC
N4BRD,NC
KK4RR,NC
KA4SSB,NC
K7BV,NC
W4JHU,NC
N1UK,NC
KS4VOL,NC
N4LA,NC
K4JJW,NC
AD4DN,NC
W4GKR,NC
N4CDJ,NC
KQ6ZZ,NC
N4MEC,NC
NC4RY,NC
N3CZ,NC
NE4J,NC
WB4MSG,NC
K4TZZ,NC
N4AED,NC
KN4UFL,NC
W4HWD,NC
KO4DBW,NC
NM4O,NC
W4HHN,NC
NG4C,NC
KA4TLC,NC
K4VHV,NC
K3IDE,NC
W2OL,NC
N3CKI,NC
KB5QP,NC
K4CIA,NC
KN4TFN,NC
W1ES,NC
AA4VV,NC
KX4TE,NC
N4WRE,NC
WA4CHJ,NC
WD4MTK,NC
K9JWS,NC
K5EK,NC
AA4LS,NC
KE4TZN,NC
N4JBB,NC
W4HG,NC
WD4DIY,NC
W4SJN,NC
K3TXW,NC
NI4TG,NC
K4JO,NC
W8DSI,NC
K4JFI,NC
KO4BEP,NC
KD4UCZ,NC
K4ZXN,NC
N9PGG,NC
W4ABF,NC
W4YDY,NC
WB4IHY,NC
W4CJM,NC
KE4JXF,NC
N4WR,NC
KK4VBG,NC
KR2W,NC
W4GHV,NC
W4MAV,NC
KC4X,NC
N1BDL,NC
K4GHS,NC
WM2Z,NC
W4DJB,NC
WB3FYR,NC
KB4NDR,NC
WA4JYK,NC
K4RJC,NC
KG5WWD,NC
KN4VVQ,NC
W4PID,NC
KV4N,NC
KN4WGC,NC
N4PDV,NC
WD8BOQ,NC
KO4FKN,NC
N4YFD,NC
KN4ZZ,NC
W4RLW,NC
WA2HQL,NC
NC4SB,NC
KA4UMA,NC
W4OLV,NC
N9ATV,NC
N4CLY,NC
W4EXT,NC
K2GER,NC
W2AAS,NC
KN4IQE,NC
NU4U,NC
N7PSR,NC
W4USH,NC
KB4GKI,NC
WY4J,NC
KB4BZ,NC
AK4CB,NC
KA4SKA,NC
K4HPS,NC
KE8BG,NC
KQ4AV,NC
W3GP,NC
KD2NF,NC
K8AC,NC
KX4JC,NC
KU4S,NC
N4T,NC
N4VUG,NC
KN4CHD,NC
KC3X,NC
N1IA,NC
K4SQ,NC
W1WWB,NC
KN4YSX,NC
N4LAZ,NC
KK4YW,NC
KU4GP,NC
KB4OI,NC
KW4CZ,NC
K4BRU,NC
K4LFC,NC
KN4SMG,NC
NM6X,NC
W4SCT,NC
WB2IHK,NC
W4RLH,NC
KM4JOK,NC
AC4JG,NC
N4BQL,NC
K9EZ,NC
W4DCL,NC
KE7NJ,NC
KC4PHJ,NC
KO4TLC,NC
N4QM,NC
KB1SNB,NC
WO8H,NC
W1AJT,NC
KC4ZYO,NC
W4FS,NC
N4HP,NC
W1GY,NC
K8YC,NC
N4TL,NC
KK4HEG,NC
N4AWP,NC
K4DBZ,NC
W4BTW,NC
N4Y,NC
KE4VWK,NC
W4JNC,NC
NT0K,NC
K4SV,NC
NC4AU,NC
K4QL,NC
KD0UNI,ND
NY0W,ND
K0YL,ND
WA0CSL,ND
K0HMZ,ND
KE0ND,ND
N0LAC,ND
KG0YL,ND
KE0OVX,ND
N0NWY,ND
W0TUP,ND
K0TN,ND
AE0BK,ND
KE0AOO,ND
W0USY,ND
KC3HRD,ND
NW0T,NE
WM0L,NE
KE0AEP,NE
W0BCL,NE
K0BLT,NE
K2BY,NE
KA0UNB,NE
K0NC,NE
KC0JRW,NE
KV0I,NE
KD0UYF,NE
KA0BOJ,NE
N0IGU,NE
KR0P,NE
WA0RIM,NE
KE0QGJ,NE
KD0KQQ,NE
KE0CSH,NE
WA4STO,NE
K0AIZ,NE
KF0AQK,NE
AG0N,NE
KC1KUG,NH
N1IX,NH
W1MBG,NH
N1KWF,NH
AE1T,NH
K1BX,NH
K1DG,NH
WX1S,NH
AB1KW,NH
W1HS,NH
K1MR,NH
KE8KW,NH
WW1WW,NH
KC1RLS,NH
NU1T,NH
WA1TGN,NH
K1LO,NH
W1WRA,NH
NF1H,NH
W2NRD,NH
K1UK,NH
WB1BQE,NH
K1KA,NH
WQ1H,NH
N1PJT,NH
AJ1S,NH
K1SGC,NH
AK1K,NH
KC1BUF,NH
KT1I,NH
K1HE,NH
K2K,NH
K1SET,NH
NJ1H,NH
K1GUY,NH
KC1FGY,NH
AE1N,NH
AA1W,NH
WA1SKY,NH
K1AR,NH
N1KWG,NH
AA1QD,NH
N1TCH,NH
NE1B,NH
N1GN,NH
KW1DX,NH
WW1I,NH
KA1SU,NH
W1DWF,NH
W1FZ,NH
N1FCC,NH
N1HR,NH
N1AAM,NH
W1XMM,NH
NE1RD,NH
W1TEN,NH
KA2KON,NH
KN1W,NH
N1KWH,NH
AC1BI,NH
K1DLM,NH
K1LGQ,NH
W1RE,NH
K8LT,NH
KC1NYY,NH
KC1KMM,NH
NM1W,NH
KA1DE,NH
WE1H,NH
AJ1AJ,NH
KD1UA,NH
KC1ELD,NH
KC1KWS,NH
K1SWL,NH
W1GRY,NH
KB1VFX,NH
KA1QBO,NH
WA1NPZ,NH
KC1NAJ,NH
K1AVF,NH
W1LOG,NH
AB1OC,NH
WA1ZYX,NH
N1KRB,NH
WA1T,NH
KO1C,NH
W1MSN,NH
K2VS,NH
K1MIZ,NH
KC1LBN,NH
K1OR,NH
KC1DFB,NH
N1QGM,NH
AB1EO,NH
W1YCZ,NH
K2DBK,NJ
WA2IBZ,NJ
N2MH,NJ
N2IPH,NJ
W2AOC,NJ
KC2VIC,NJ
K2JK,NJ
AC2F,NJ
N2CEP,NJ
K2UT,NJ
KN2J,NJ
KD2JRH,NJ
KO2OK,NJ
W2QO,NJ
W2ZMZ,NJ
W2GM,NJ
N2CG,NJ
AA2JC,NJ
KC2DUX,NJ
N2SU,NJ
W2GCM,NJ
WE2DX,NJ
KD2NOM,NJ
N2OO,NJ
KZ2I,NJ
N2DSW,NJ
WA2HYO,NJ
K2PSD,NJ
N2IEC,NJ
N2MDX,NJ
KC2QJB,NJ
K2RET,NJ
W2FDJ,NJ
W0MHK,NJ
KC2SST,NJ
K2BOB,NJ
N2YNF,NJ
WR2G,NJ
WB2SNJ,NJ
W2HUV,NJ
AC2PT,NJ
KD2LJR,NJ
N1RJK,NJ
W2CG,NJ
NA2J,NJ
W2TT,NJ
KS3F,NJ
K2EZR,NJ
WF2D,NJ
KG2FD,NJ
KE2NN,NJ
W5KLO,NJ
WE2X,NJ
W2VW,NJ
WI2W,NJ
KC2THY,NJ
AB2TB,NJ
AC2GI,NJ
KF2IRE,NJ
W2LE,NJ
K2WH,NJ
W2H,NJ
KC2OUV,NJ
KD2JQK,NJ
N2MWX,NJ
K2I,NJ
W2XI,NJ
AG2S,NJ
W2HTS,NJ
KC2NFJ,NJ
W3PR,NJ
N2XK,NJ
WA2TQI,NJ
NB2P,NJ
N2SJH,NJ
N2GBF,NJ
WO2T,NJ
KD2AFV,NJ
W2JAZ,NJ
W2NTN,NJ
KI2P,NJ
N2PKN,NJ
AF2F,NJ
WA2EPI,NJ
K2VPX,NJ
KD2GIY,NJ
K2OCA,NJ
W2GLH,NJ
W2BIZ,NJ
K2AMI,NJ
N2KBF,NJ
WF3P,NJ
K2CYS,NJ
AG2J,NJ
K1JT,NJ
N2NC,NJ
K0GUT,NJ
NI2E,NJ
WB2PGE,NJ
W2UH,NJ
W2YF,NJ
K2CDP,NJ
K2RRB,NJ
K2MFW,NJ
KA2F,NJ
KG2NV,NJ
WA2SQQ,NJ
KC4HN,NJ
KC2ZSW,NJ
N3SIQ,NJ
N2NF,NJ
W2RHS,NJ
KD2DWX,NJ
W2PSK,NJ
KD2FTA,NJ
N2TC,NJ
ND2K,NJ
N9YNG,NJ
WA2FZW,NJ
N2NLQ,NJ
K2ITT,NJ
KC2IEB,NJ
KD2DRS,NJ
KC2WUF,NJ
W2TAC,NJ
N2EHL,NJ
N2FHL,NJ
K2SDR,NJ
KD2TUS,NJ
K2WLD,NJ
W2LTF,NJ
AB2EZ,NJ
N2LVI,NJ
WB2QQJ,NJ
W2HVH,NJ
N2YET,NJ
W8JRF,NJ
W2MJP,NJ
N8F,NJ
K2TW,NJ
N2DDX,NJ
W2AH,NJ
WI8H,NJ
N2WKS,NJ
KD2RPX,NJ
KD2FMW,NJ
K2SPG,NJ
KE2L,NJ
KD2ITH,NJ
N2AJO,NJ
KA2GQQ,NJ
W3CJD,NJ
KC2LST,NJ
N2EI,NJ
K2JPV,NJ
WB2MKX,NJ
W2WI,NJ
KD2TUU,NJ
N2CEC,NJ
KB2PNN,NJ
KD2RVW,NJ
NX7U,NJ
KA2IRQ,NJ
K2LF,NJ
KW2H,NJ
KB2MGQ,NJ
AB2NI,NJ
W2KNG,NJ
WA2DZO,NJ
AG2V,NJ
K2EXX,NJ
N2NT,NJ
K2IE,NJ
KD2OZC,NJ
WA2NWN,NJ
KE2D,NJ
W2YR,NJ
W2JRR,NJ
W2LJR,NJ
N2FBQ,NJ
WB2PDW,NJ
NR2H,NJ
W2XG,NJ
WW2L,NJ
NE2V,NJ
W2FB,NJ
W2T,NJ
W2BT,NJ
K2TJK,NJ
WO2Y,NJ
W2PTP,NJ
KD2QKS,NJ
N3CRT,NJ
KA2K,NJ
K5TBA,NM
AA5B,NM
NY5L,NM
KV6X,NM
KB0BED,NM
WB5GWH,NM
WA5RPF,NM
K6LIE,NM
W5RDL,NM
W5GZ,NM
N5HC,NM
KB5IY,NM
KD5JDS,NM
N5KUC,NM
KZ5A,NM
KB5FWD,NM
K6TAA,NM
W5AAE,NM
W5MHG,NM
W5VUY,NM
NM5DD,NM
K8TE,NM
WD5COV,NM
KB1IKC,NM
K5WO,NM
W0WLV,NM
W7NZJ,NV
K5DA,NV
N7TR,NV
W6SA,NV
K5HK,NV
W7SMW,NV
K2RD,NV
W7VY,NV
K7CA,NV
K3PRG,NV
KA2RQR,NY
W2BCC,NY
W5BN,NY
KC2ZDC,NY
KG2H,NY
KF2OG,NY
WE2LEW,NY
KD2RBP,NY
NJ1F,NY
KD2TLC,NY
K4RUM,NY
AC2FA,NY
KC2BBI,NY
WW2CW,NY
W2YK,NY
KM2O,NY
K2HN,NY
K2DH,NY
ND1L,NY
AC2OC,NY
NA2F,NY
NW2K,NY
K9CHP,NY
N2MSF,NY
N2SIT,NY
KD2QPU,NY
WV2NY,NY
K2LT,NY
KB2DLF,NY
AE2EE,NY
K2SI,NY
KD2IZD,NY
KA2R,NY
K2GPR,NY
K2WOP,NY
KA2WIK,NY
N2TA,NY
N2ADV,NY
W2SFD,NY
KC2YIL,NY
K2TER,NY
KF2FK,NY
KU2X,NY
WB2WPM,NY
KD2PTM,NY
WB2RON,NY
AJ2E,NY
W2WGK,NY
N8CL,NY
WA2ZVN,NY
KB2DTT,NY
KD2BMX,NY
WB2MOH,NY
K2RSB,NY
K2HJB,NY
K2JL,NY
K2NYR,NY
WB2FQL,NY
AC2SB,NY
N2XWS,NY
W2DLL,NY
WA2TMB,NY
AB2ZU,NY
WX2U,NY
W2MGF,NY
K2RHK,NY
WA2BOT,NY
KA5BJC,NY
KC2EZJ,NY
KK2DOG,NY
KK2M,NY
W2REA,NY
AB2DP,NY
N2KI,NY
NT2A,NY
AB2ZY,NY
NN2NN,NY
KA2LIM,NY
W2KKZ,NY
KA2DUT,NY
KC0BRA,NY
KB2DJJ,NY
W2JAN,NY
KC2BBU,NY
KA2D,NY
K2OS,NY
W2PIP,NY
WB2JUF,NY
KD2LZI,NY
WF2S,NY
KB2RSK,NY
AC2G,NY
KE2UK,NY
W2QCY,NY
K2QQ,NY
K2L,NY
WD2N,NY
K2RB,NY
KA2DDX,NY
AC2KV,NY
AC2RV,NY
KD2PSC,NY
WA2ZPX,NY
W3TW,NY
WA2QAU,NY
N2IEN,NY
W2/JR1AQN,NY
N2NJZ,NY
KD2GMB,NY
NC2Y,NY
KD2RFL,NY
N2MAC,NY
KJ6YVP,NY
KE5HDE,NY
W2DJX,NY
KB2VDO,NY
W8NUD,NY
KD2UBH,NY
WA3AFS,NY
N1NQD,NY
K2EQ,NY
W2ZBT,NY
K2UU,NY
AI2N,NY
WF2N,NY
K2QB,NY
N2QLT,NY
KZ2N,NY
N2ENM,NY
WB2JLR,NY
KB2EF,NY
KC2MBV,NY
N2AEW,NY
KC2YYF,NY
W2PD,NY
KC2STA,NY
W3IHP,NY
WA2HMM,NY
W2PA,NY
KF2G,NY
AE2MT,NY
W2GHD,NY
KD2ITZ,NY
KB2ZPB,NY
K2IW,NY
W2FIU,NY
K2TQC,NY
KD2RWC,NY
W2/F2YS,NY
N2JJ,NY
WA2NDV,NY
N2MGT,NY
AB2OQ,NY
W2MKW,NY
KZ2Q,NY
WB2BIN,NY
N2UIF,NY
KD2RSS,NY
WA2DE,NY
N2GTV,NY
K4KGG,NY
W2JTC,NY
W2JV,NY
KD2NBC,NY
WB2YZX,NY
K2NEX,NY
WA2CXA,NY
AA2PR,NY
KD2UFV,NY
W2JTM,NY
NY2H,NY
W2DAS,NY
WB2CBA,NY
KF2C,NY
K3WHD,NY
KY2T,NY
K2CBI,NY
KC2KJO,NY
W2KYM,NY
K2VTT,NY
W3JOR,NY
AE2Z,NY
KB2ERJ,NY
K2KGR,NY
N2YG,NY
K2EDW,NY
K2CM,NY
WA2DTN,NY
WA2QJQ,NY
K2PAL,NY
W2ASD,NY
N2SQW,NY
KA2MGE,NY
KD2NXV,NY
N2BTX,NY
W2ZF,NY
K3AS,NY
KD2SCZ,NY
AB2UL,NY
AH2O,NY
N2PPI,NY
N2FBV,NY
KI2L,NY
KC2YME,NY
W2OLI,NY
W2COD,NY
WA1W,NY
KC2FD,NY
N2XXC,NY
W2WTC,NY
KC2FZN,NY
K2JDG,NY
KD2BNT,NY
KB1IVE,NY
W2LCQ,NY
NX2W,NY
WT2X,NY
KB1EFS/2,NY
K2TAV,NY
K2WEK,NY
WK2H,NY
KW2AIR,NY
WB2KSP,NY
WB2NFL,NY
N2QZR,NY
KB2SDA,NY
K2ZJ,NY
WU2M,NY
WB2NVR,NY
N2LH,NY
N2GOT,NY
N2WMF,NY
AF2V,NY
N2GDU,NY
KD2MWG,NY
K2KNB,NY
N2AE,NY
KD2MDS,NY
KA2BUG,NY
KB2MBC,NY
WA2R,NY
W2DBM,NY
N2UZQ,NY
KD2TJC,NY
KD2BEB,NY
KB2WON,NY
KA2TQV,NY
K2AS,NY
K2DW,NY
K2KN,NY
KC2PP,NY
N2SYE,NY
W2FLA,NY
KA2YRA,NY
W2RLB,NY
KB2YSI,NY
WB2YDS,NY
W2THB,NY
KD2UUU,NY
N2EIK,NY
KA2BNY,NY
N2OMD,NY
WA2MCR,NY
K2GC,NY
KD2ONF,NY
K2FD,NY
K2COP,NY
W2DST,NY
N2JNZ,NY
WB2KDG,NY
KD2QIK,NY
W9KXI,NY
WB2VUO,NY
N2JQI,NY
W2SOX,NY
WB2MLY,NY
N2PEQ,NY
KB2HSH,NY
WW2P,NY
KC2HZW,NY
NS2N,NY
K2UA,NY
WB2WMF,NY
K2MP,NY
WB2IKL,NY
K4YJ,OH
WA8LRW,OH
AD8AL,OH
W8GXR,OH
W8NU,OH
KK8ZZ,OH
AA8KY,OH
WB8VSU,OH
KI0CT,OH
N8LRG,OH
K8EG,OH
KA8BSA,OH
NW8D,OH
WD8ANZ,OH
WB8JQR,OH
WB8CPG,OH
KD8VYT,OH
N8BV,OH
W8FHF,OH
AB8OU,OH
KE8Y,OH
W8SIC,OH
WT8E,OH
W8LTR,OH
KE4WLE,OH
N8LGP,OH
N8TR,OH
N8BJQ,OH
K8CXM,OH
K3DMG,OH
WZ8DX,OH
W8PLZ,OH
WW2E,OH
KK8X,OH
N8TCP,OH
WA3C,OH
KA8ALU,OH
NX8E,OH
NA8A,OH
K3USC,OH
W8LO,OH
AA8Q,OH
WD8CZG,OH
ND3N,OH
WA3JAT,OH
N8OCJ,OH
W8DLD,OH
N5JED,OH
N3RA,OH
N8CWU,OH
N8NVI,OH
AA8CS,OH
KB8MVP,OH
KD8SI,OH
WA8P,OH
K8CW,OH
KE8HZZ,OH
KC8YBV,OH
WA8TOD,OH
WD8AJD,OH
W8MDG,OH
NC8Q,OH
W8AHC,OH
W8MAL,OH
K8GN,OH
K8BL,OH
K9NW,OH
W8WLK,OH
AB8O,OH
K8SJM,OH
KC8QDP,OH
WB8TDG,OH
KB8SCS,OH
N8PCN,OH
AB8JL,OH
AJ8Q,OH
N8YMD,OH
N8RAF,OH
W0PAS,OH
KV8P,OH
N8QF,OH
KI8L,OH
W8NJR,OH
KB8CMW,OH
KA8GCQ,OH
WS8N,OH
KA8OAT,OH
AJ8B,OH
K8LY,OH
KE8NZL,OH
W8VI,OH
KB8UNJ,OH
KD8WBZ,OH
N8JEN,OH
W8VW,OH
N8MRB,OH
N8NJH,OH
K8IG,OH
K8AKC,OH
KM8V,OH
AA8OY,OH
KD8WJB,OH
K8AXX,OH
KE8GMF,OH
N9RC,OH
AD8FD,OH
W8SAI,OH
WM6X,OH
K7TAR,OH
W8CZN,OH
KB8CR,OH
N0FW,OH
KE8RV,OH
NI8Z,OH
KJ8R,OH
KD8VWF,OH
KE8MYP,OH
KA8G,OH
NX8T,OH
K8EL,OH
K8NVR,OH
W8ADW,OH
N4LSJ,OH
K8EIJ,OH
KE8JNT,OH
N8MAS,OH
WD8IIJ,OH
W8RLN,OH
KE8JKW,OH
W8LKG,OH
KA8EDE,OH
KA8IIM,OH
W3IQ,OH
K8ZT,OH
K8TED,OH
W8BO,OH
KF8FF,OH
AE8AT,OH
N8EGZ,OH
W8KEN,OH
KE8JTG,OH
KE8NNE,OH
N8TL,OH
W8GC,OH
W8IJC,OH
W6ASK,OH
WB8JB,OH
W8MRL,OH
KC8HQS,OH
KE8ESJ,OH
KB8DEX,OH
KE8LPK,OH
K8VSY,OH
KA8MNT,OH
KI8GW,OH
K8ROX,OH
KE8OWX,OH
K8VMC,OH
KE8M,OH
K8BM,OH
W5UHQ,OH
KD8JV,OH
AC8ZU,OH
N8OFP,OH
WE8L,OH
WW8O,OH
N3IL,OH
KB8RTB,OH
WB8K,OH
AC8VZ,OH
WB8JUI,OH
W4G,OH
N8TFD,OH
K8BCL,OH
KB8VUM,OH
N9AGC,OH
KB8SSH,OH
KE8JNU,OH
N8CIJ,OH
KE8NQL,OH
W8BFT,OH
AB8M,OH
KB8CBY,OH
W8HAW,OH
K4DKW,OH
KD2L,OH
K0HIO,OH
N8WGE,OH
KE8YP,OH
AC8JT,OH
KA8CNI,OH
N8SDR,OH
W8GSR,OH
AB8YK,OH
AC8SM,OH
N8CEY,OH
KC2RCU,OH
KC8YDS,OH
K8DL,OH
K8JTD,OH
KE8OXZ,OH
KA8HQL,OH
WO8USA,OH
KD8PGL,OH
WA8TJC,OH
W8AJF,OH
K8MRH,OH
K8EUR,OH
AE8S,OH
N8JCW,OH
KE8MUW,OH
K5RDL,OH
K8DTF,OH
NJ8L,OH
N8GLM,OH
WF8Z,OH
K5OAR,OH
N8KYX,OH
KQ8W,OH
N0WEE,OH
AD8EU,OH
W8DN,OH
K8CMO,OH
KB8MTZ,OH
KC8LA,OH
AE8MM,OH
K8QWY,OH
N8XM,OH
KC8GAE,OH
W8JTW,OH
ND4H,OH
N8ATE,OH
K8CKC,OH
KB8ORA,OH
KD8TNF,OH
N8RKC,OH
W8MDE,OH
KI8FB,OH
KE8JNN,OH
W8GNM,OH
KA1RUE,OH
KI6DY,OH
KD8VXF,OH
KB8VAO,OH
NX8G,OH
N8OQP,OH
WX8J,OH
KB8JNE,OH
W9ZR,OH
WB8SIG,OH
KB8ZR,OH
N8QNM,OH
W8EH,OH
NW8S,OH
W8GEX,OH
N8QE,OH
K8SRB,OH
N8CHO,OH
K3YP,OH
NI8T,OH
KF8YO,OH
W8BLG,OH
KZ8Y,OH
WB8UCD,OH
AF5Q,OK
W5RZP,OK
KM5HG,OK
KK5JY,OK
KA6DOY,OK
N5WX,OK
K5RKS,OK
N5ZY,OK
WQ5R,OK
KA5ILQ,OK
W5KS,OK
WB5MLA,OK
W5LE,OK
W7OKC,OK
N6EB,OK
KC0OW,OK
N1HOB,OK
W5BGM,OK
AF5BG,OK
K5WE,OK
WW5BL,OK
W5IF,OK
AI5SF,OK
WA5NOM,OK
K5KC,OK
KD5HZ,OK
K5LAD,OK
KF5TVG,OK
NA5GA,OK
KD0PO,OK
K5CAY,OK
KI5GLN,OK
N5YZA,OK
W6K,OK
KB1PNI,OK
WD5G,OK
N5TAN,OK
KI5BYN,OK
N5MAK,OK
N5ILQ,OK
KI5EGH,OK
K5YAC,OK
W5COV,OK
AG5CN,OK
N5NJB,OK
WA6LBU,OK
KM5YV,OK
W5ADA,OK
WA5REL,OK
N5OK,OK
N5KXI,OK
AA5H,OK
W6KPR,OK
AG7HY,OR
KN7K,OR
K7PIL,OR
N7XG,OR
AK6A,OR
WB6JJJ,OR
W7SO,OR
W7RAT,OR
W7WHO,OR
WN6W,OR
KA7FHA,OR
W7YAQ,OR
KE7CDD,OR
W7IDG,OR
K7ZV,OR
W7GTH,OR
KA6BIM,OR
K7LNT,OR
AD7PL,OR
W7JY,OR
AG7TH,OR
AA7MM,OR
W7SST,OR
AF3IL,PA
W3XOX,PA
KC3FSP,PA
WV2M,PA
WB3BOT,PA
K3MJW,PA
W3SSH,PA
KI3F,PA
NC3O,PA
WZ7I,PA
WS2E,PA
K3PP,PA
W8FJ,PA
W3MMR,PA
KC3FXU,PA
K2LNS,PA
NE3Z,PA
KC3OLH,PA
K2M,PA
KB3FFL,PA
AB5VJ,PA
W3ATV,PA
K3ADU,PA
NQ3A,PA
N3PKJ,PA
W3YJ,PA
AB3AH,PA
KC3KRZ,PA
KC3GSV,PA
WA3WOM,PA
KB3MAW,PA
AA3B,PA
W3AAD,PA
N2US,PA
K3CA,PA
KX2A,PA
KA3UJE,PA
KA3FUL,PA
KC3NQB,PA
KM3P,PA
NY3B,PA
K3DFL,PA
KC3IDZ,PA
N3NVA,PA
WA3EHD,PA
N3FCP,PA
W3OKU,PA
W3BTX,PA
KC3WX,PA
WO3T,PA
K3ARB,PA
N3QO,PA
K3UA,PA
KT3L,PA
WA2AAR,PA
WA3ERQ,PA
W3UM,PA
N3MVX,PA
NJ3I,PA
N3GAR,PA
W3RFK,PA
WA1HEW,PA
N3NGE,PA
W3WIV,PA
NS3L,PA
NM3B,PA
KC3IRG,PA
KC3SCZ,PA
K3UL,PA
W3LJK,PA
KB3LIX,PA
W3KM,PA
KC3AHR,PA
KB3GD,PA
N3BLS,PA
N3NSL,PA
KC3LBR,PA
K3UKE,PA
W3MLJ,PA
WM3PEN,PA
N3UTG,PA
WW3RRR,PA
NF3R,PA
W3RJW,PA
KC3FOI,PA
N3BNA,PA
N3JHB,PA
K3HRH,PA
K6ND,PA
WA3JZN,PA
K3FKW,PA
N3LY,PA
NZ3K,PA
N3SET,PA
KV3U,PA
W3BL,PA
W3JJL,PA
N3ILR,PA
W3PAX,PA
K3MLB,PA
W3ZYF,PA
KA1FSX,PA
WU3U,PA
NR3C,PA
AC3DI,PA
K8WHA,PA
KB3LYB,PA
KA3PMW,PA
K3ABE,PA
NJ3T,PA
W3GLH,PA
K3VQR,PA
KW3A,PA
NA3F,PA
K3HW,PA
W3SB,PA
WR3Y,PA
WA3YZD,PA
W3UDX,PA
NE3F,PA
K3KC,PA
KC3KSC,PA
KA3FUU,PA
K3JOS,PA
WA3TLT,PA
K3LA,PA
KC3MBT,PA
K3CHB,PA
W3LGX,PA
NB3R,PA
N3ZRA,PA
KC3NDU,PA
KC2LEB,PA
N3FB,PA
W3RW,PA
K2QI,PA
KC3OJR,PA
W3MF,PA
K3KSB,PA
WA3ZSC,PA
K3GMQ,PA
KB3RIJ,PA
K3FS,PA
WA3GM,PA
K3MI,PA
KC3GUU,PA
K3CSF,PA
W3EX,PA
N2AWJ,PA
KT3P,PA
KN3A,PA
KE3MX,PA
WK3N,PA
K3ZK,PA
K3JGJ,PA
K3BLN,PA
KB0FHP,PA
N3AQ,PA
W3CUB,PA
K3NX,PA
K3CLT,PA
KC3AK,PA
W3LMC,PA
KB3RKM,PA
KC3PQC,PA
W3YNI,PA
NX3T,PA
WB3IFD,PA
W3HGT,PA
WA3BDR,PA
NM3P,PA
KC3PIW,PA
K3STL,PA
K3WJV,PA
KC3IME,PA
WA3VHL,PA
N3CR,PA
N3DL,PA
W3HMS,PA
AC2BI,PA
KC3NZT,PA
KA1BUC,PA
K2OF,PA
KE3JP,PA
N3ITT,PA
WO3H,PA
K3DQB,PA
N3UGI,PA
N3NWV,PA
N3JPL,PA
K3SAE,PA
W1UEA,PA
W3BUZ,PA
N1PCR,PA
KC3OAD,PA
KW3DX,PA
K1DJE,PA
K3EEI,PA
K3IPI,PA
KX2S,PA
KB3TOX,PA
KC3PHT,PA
KD5LCH,PA
K2XR,PA
K3EY,PA
W3JLV,PA
KJ3X,PA
WB3FHU,PA
N3KUY,PA
K3ZZM,PA
K3ZR,PA
K3OET,PA
K3SVT,PA
NY3A,PA
KC8T,PA
KC3PMD,PA
WO2E,PA
WA3TD,PA
W3DJA,PA
K3SOM,PA
W3KBG,PA
WB2VLM,PA
N3LFC,PA
W3GRL,PA
NN3C,PA
WB3AZL,PA
N3NMP,PA
K3MEB,PA
WA9OJJ,PA
KC3ACQ,PA
K3XR,PA
AA3WB,PA
WA3DNM,PA
KE3OG,PA
N3AZZ,PA
K3FAZ,PA
KD3TB,PA
K3A,PA
KS3N,PA
KR3DX,PA
KC3OCS,PA
WA2TTI,PA
N3KAE,PA
N3FR,PA
W3KWH,PA
KC3NNO,PA
ND3L,PA
WA2YLY,PA
K3D,PA
N3BSQ,PA
AB3IK,PA
W3JM,PA
N2PGJ,PA
W3SOX,PA
WS3RIC,PA
W8XK,PA
W3QIN,PA
K3K,PA
W3PDW,PA
N3SWR,PA
AC3GM,PA
N3TQM,PA
K3TOW,PA
W9HZ,PA
KC3ECE,PA
N3TR,PA
KC3YR,PA
K3FQI,PA
WW3TRG,PA
WB3HFP,PA
KA3FMO,PA
KC3Y,PA
W2HYW,PA
KN1OLA,PA
N3LAC,PA
N3BUS,PA
KC3OXG,PA
N3FLR,PA
AC3MB,PA
WN3SIX,PA
K3MRK,PA
N3DGE,PA
W3IHY,PA
N3AAA,PA
WA3WZR,PA
KE3LB,PA
K8PT,PA
K3DY,PA
W2JON,PA
W3BAS,PA
KB3ICU,PA
N2MA,PA
N3KCR,PA
KB3SQX,PA
K3JM,PA
KC3JNW,PA
K3LFR,PA
N3JD,PA
AE3JM,PA
AA3I,PA
N3JOC,PA
KG5TA,PA
AA3K,PA
WA3WLH,PA
AG3U,PA
WY3A,PA
KC3PJG,PA
N3GV,PA
KC3PGN,PA
K3ISH,PA
WU3D,PA
KC3PGO,PA
K3TEF,PA
KC3OLP,PA
WZ3O,PA
KB3TC,PA
KB3KLG,PA
N3QZD,PA
K3GB,PA
KQ3F,PA
WX3MAS,PA
KC3PWR,PA
AC3GO,PA
AC3GS,PA
KO3T,PA
KA3DFK,PA
WC3X,PA
W3SLW,PA
W3AEM,PA
NU3T,PA
KC3BVL,PA
W3FRO,PA
N3PKC,PA
K1AEC,PA
WB3JEK,PA
N3QPV,PA
N3XLS,PA
KC3OND,PA
WA3OGQ,PA
KB2NA,PA
W3KB,PA
N3RDV,PA
NR3M,PA
KC3GIO,PA
N3NR,PA
KC3RN,PA
K3REY,PA
K0BAK,PA
AK3V,PA
KC3LEP,PA
KC3KOP,PA
AD3C,PA
AA3LC,PA
KB3EKD,PA
AB3JE,PA
WA3NHZ,PA
K3VRU,PA
NP3DM,PR
NP4G,PR
NP4AW,PR
NP4W,PR
WP4IRV,PR
NP4RA,PR
NP3RK,PR
NP4ET,PR
WP4MXM,PR
NP4JF,PR
WP4AZT,PR
N1JL,RI
K1RI,RI
N1CLG,RI
KA1ERL,RI
KE1AF,RI
N1NK,RI
K1GND,RI
AB1BX,RI
WA1LAD,RI
N1KM,RI
N1XQ,RI
KC1FUU,RI
W1KDA,RI
W1OP,RI
W1LBM,RI
W1FBV,RI
K1FT,RI
KC1KOP,RI
W1YRC,RI
NB1U,RI
KC1LWH,RI
W1KMA,RI
KB1WV,RI
W1LY,RI
AA1XQ,RI
N8LI,RI
WA1BXY,RI
KC1NMD,RI
K1VI,RI
NU1X,RI
KC1NBK,RI
KE1AK,RI
N1RGK,RI
W1YTF,RI
N1MJF,RI
N1QDQ,RI
K1NPT,RI
KC1AQQ,RI
K1CYQ,RI
N1DZ,RI
K1MD,RI
WA1RD,RI
W9QP,SC
K4MS,SC
WB4DFW,SC
KY4E,SC
NQ0I,SC
W4LEP,SC
W4IOP,SC
K4OIW,SC
N7WEJ,SC
AK4RF,SC
AA4V,SC
K4MQG,SC
N4MF,SC
KQ4KK,SC
KF4DRR,SC
KC2QII,SC
KG6MC,SC
K0ETE,SC
WT4C,SC
W5SAR,SC
KA4NIV,SC
W4GE,SC
W7DO,SC
KD4RH,SC
W4MC,SC
N4EFS,SC
K0PT,SC
WK4X,SC
WA8NLX,SC
KX4MT,SC
K9RX,SC
KN4RHB,SC
W4LK,SC
N4ZYM,SC
WW4DD,SC
KR4NO,SC
KI4ABS,SC
AC4MC,SC
KZ4M,SC
K4WH,SC
KN4SMO,SC
K4CAE,SC
KO4CAQ,SC
K4CU,SC
KB9LX,SC
KN4DMN,SC
N4QXU,SC
NU4E,SC
N4TBB,SC
KE4EA,SC
N4ULE,SC
KF4M,SC
W9DC,SC
K3GEV,SC
AB1CD,SC
K4RPD,SC
N4NYK,SC
AC4DH,SC
KI4ETY,SC
W4FC,SC
WB4HAL,SC
N4OVQ,SC
W4ANT,SC
AA4KK,SC
AD4PK,SC
KI4HEE,SC
KI4KN,SC
K4JVV,SC
WA2NAF,SC
KN4VWA,SC
N1RCW,SC
K1LVA,SC
KA8P,SC
W1CAV,SC
K4MQL,SC
WA4DEW,SC
WU2T,SC
KO4HON,SC
W3WOT,SC
KN4RHC,SC
K4XB,SC
W1GTT,SC
KB9UT,SC
WA5AMM,SC
KN4JTU,SC
KX4LW,SC
N4SYF,SC
KO4CEF,SC
W4BSS,SC
K9JDP,SC
WA4BUO,SC
KX4TZ,SC
N4BAZ,SC
NC8N,SC
WR8RW,SC
KF4GDX,SC
KN4KFX,SC
K9GWS,SC
AK4EX,SC
W1RET,SC
KB4ZMR,SC
K4RZM,SC
KI4MRA,SC
KK4EGZ,SC
K1IT,SC
W9WXX,SC
K4SUE,SC
N2MHS,SC
K4MDI,SC
WD0SD,SD
K7BG,SD
W7UT,SD
K0JV,SD
N0MHL,SD
K0KX,SD
K0WIU,SD
KE0WM,SD
K0HKL,SD
KO4DHP,TN
WB4RA,TN
WB2QJ,TN
K4CTF,TN
WD4GZW,TN
KI4ZVU,TN
KN4DGI,TN
KN4ORP,TN
N4TTE,TN
K9IHM,TN
KK4JOQ,TN
N7MDW,TN
K4DVE,TN
AF4T,TN
K4DZR,TN
AJ4HW,TN
W6UB,TN
WS4S,TN
KT4EP,TN
WR5A,TN
K4ZBB,TN
N4GMF,TN
KO4DPJ,TN
W4BJB,TN
K6KA,TN
W9SN,TN
KC5BG,TN
NT4J,TN
WW5M,TN
K4EMH,TN
K4SE,TN
N2PTB,TN
KI4KGR,TN
KO4Z,TN
N4NT,TN
WA4RXK,TN
N4YED,TN
N4ZZ,TN
N4THG,TN
KB2MFS,TN
WJ4HCP,TN
WU5E,TN
K4DAY,TN
WA4PPL,TN
KD4AYU,TN
NB2K,TN
KJ4JPV,TN
WB4OX,TN
N4VV,TN
KE4GBW,TN
KU9B,TN
AD7LL,TN
W4SDS,TN
WB4HMA,TN
KA1JY,TN
AK4R,TN
AC4G,TN
KN4SDG,TN
W5MMW,TN
KE4KMG,TN
WX4MH,TN
AJ6T,TN
KO4BMD,TN
WD9HTI,TN
AC4VM,TN
WA4USA,TN
K0FMS,TN
W4PGM,TN
N4ETN,TN
W4JUU,TN
NV4G,TN
NS2X,TN
K4GS,TN
K4YEH,TN
KU4WS,TN
WV4P,TN
W4BXR,TN
N4SB,TN
WA4WZR,TN
WK4K,TN
WA4HR,TN
KT4RH,TN
K4QZF,TN
KB3LSX,TN
W4BCG,TN
AC6ZM,TN
W4MG,TN
WD4NGB,TN
KD0LPT,TN
N4OPI,TN
AB3JN,TN
N4ABT,TN
KO4DUL,TN
WB4YYE,TN
WA4CZD,TN
W4YBO,TN
WA4FXT,TN
KN4ACJ,TN
KN4VKX,TN
KM4VI,TN
W4SSF,TN
W4EJY,TN
WM4RB,TN
KM4MSV,TN
W9BOQ,TN
WD6CZY,TN
NT4X,TN
KE4WTR,TN
W4GIB,TN
KM4RT,TN
WM4Q,TN
N4QWZ,TN
KJ4KVC,TN
NY4JB,TN
K4LEN,TN
KD0ZDE,TN
AK4Z,TN
NA4C,TN
WB4JVP,TN
KN4WXL,TN
N4MIK,TN
N4AB,TN
KJ4HRM,TN
NS4X,TN
KE0L,TN
KD4CBM,TN
AF4TF,TN
W4YI,TN
K4HPY,TN
W4LSX,TN
K4JOH,TN
WB0CJB,TN
N3KJJ,TN
KM5GT,TN
N4RRW,TN
KN4JSF,TN
KN4NVU,TN
AA5FA,TN
W4EPM,TN
KN4TFR,TN
K4HRK,TN
KN4HSD,TN
WD4T,TN
K9DAV,TN
KY4CT,TN
AA4DE,TN
AA5N,TN
W5DMT,TN
KK2A,TN
AC3D,TN
K4DR,TN
KN4VCT,TN
W1JEO,TN
N5WXW,TN
KC4TNQ,TN
AC2MM,TN
AA4DD,TN
KN4CNU,TN
KM4ZIZ,TN
KB4REC,TN
KN4RGT,TN
WA9PIE,TX
AE5UV,TX
KB5WCK,TX
N5TJ,TX
KG5UFR,TX
KG5OHO,TX
KG5QGM,TX
KE5NUB,TX
KC5TT,TX
K5CPR,TX
K5GKC,TX
N9TX,TX
N5DG,TX
KI5JG,TX
K5DHY,TX
NH6L,TX
WD5K,TX
NA1H,TX
NG5E,TX
K7MAW,TX
WB5DW,TX
K5CGH,TX
N9ZTC,TX
KG5HTH,TX
W5MIG,TX
N5SX,TX
AJ4F,TX
K5MM,TX
KG5MUC,TX
K0YY,TX
W5RYA,TX
W5DXQ,TX
K5IJD,TX
W5XC,TX
KB5WWW,TX
K5DJH,TX
K5NWZ,TX
N5FWB,TX
W5PGZ,TX
KD5TN,TX
AE4CC,TX
KF5RX,TX
W5DDS,TX
KN5S,TX
KE5CO,TX
WE5TXS,TX
WA5PQL,TX
W5I,TX
K5MV,TX
W5BK,TX
KB5RF,TX
K5VWW,TX
K5ENG,TX
K5BG,TX
KB6OJE,TX
KB5UNX,TX
NE5B,TX
KD5ZAT,TX
K5UY,TX
KO5T,TX
N5SKT,TX
W5DNT,TX
K1HZ,TX
KE5AZ,TX
WA2TOP,TX
KF5ALL,TX
N5HHS,TX
KG6PH,TX
K5YE,TX
KD5QHV,TX
K5CI,TX
W5WJH,TX
KD0NN,TX
KD5YJP,TX
AG5VA,TX
KJ5MA,TX
KB5RGH,TX
KG5SFT,TX
W5MW,TX
W8HFJ,TX
K9MK,TX
WJ5L,TX
KF5MFK,TX
N0TG,TX
WF2F,TX
AB5XS,TX
AG5T,TX
W5TRL,TX
K3NOQ,TX
KT5V,TX
K5EY,TX
KG5URA,TX
AD5WB,TX
K0MBC,TX
WB0TEV,TX
N7UIC,TX
KN5A,TX
W5MEU,TX
N5XZ,TX
WB8FVB,TX
AG5XQ,TX
KE5PYF,TX
KG5VUO,TX
N5ATM,TX
N6XVZ,TX
NK5G,TX
N5HT,TX
WD5HNI,TX
KC9FFV,TX
N5GAN,TX
KF5WGB,TX
W5KDI,TX
K5EMG,TX
N5JR,TX
AC5V,TX
AE5X,TX
K5JHH,TX
KG5EIU,TX
N5BCA,TX
KC5OW,TX
W5GDX,TX
W5TV,TX
N5RZ,TX
K5XM,TX
KF5DDX,TX
KG5YOC,TX
N5ITN,TX
AI5R,TX
AA5WH,TX
W5WDY,TX
N5JLQ,TX
KF8IV,TX
K8LS,TX
NK5O,TX
K5NZ,TX
KM5AG,TX
KC5RY,TX
KG5DRT,TX
AE5FY,TX
N6RH,TX
KC5NX,TX
KG5RJ,TX
KE5ZW,TX
KG5MKP,TX
KC5RR,TX
W5KV,TX
W5MF,TX
N5LL,TX
W5IDX,TX
AB5HN,TX
K5FWM,TX
W5KAL,TX
WW5XX,TX
KI5GNH,TX
W5NRF,TX
K5UHF,TX
W5JWP,TX
AC5EZ,TX
KI5FMN,TX
W6I,TX
KI5CYM,TX
KC7DJ,TX
WD5FBW,TX
KK1Z,TX
W9LL,TX
KE5LQ,TX
K5DSJ,TX
N5LWL,TX
AG5XI,TX
WS5GPA,TX
KB5KYX,TX
WR5AY,TX
KB5ROD,TX
K5KXJ,TX
K9MDI,TX
K5VOP,TX
WA5TXY,TX
N5KWE,TX
W5XO,TX
KI5FTY,TX
W5TTW,TX
NR5R,TX
AB5HL,TX
K6ESE,TX
N5VR,TX
KI5JRO,TX
KE5WCT,TX
K5KDE,TX
WA5M,TX
KI5DYI,TX
N2LJJ,TX
K5GQ,TX
KD5WJV,TX
AK9B,TX
N5FTW,TX
KC2PZ,TX
N5SLY,TX
KV5W,TX
W5GDI,TX
KY5M,TX
K5XOM,TX
K3NT,TX
W5BV,TX
K5DZD,TX
N5FPD,TX
W2WF,TX
KI5KSE,TX
KM5RG,TX
K5DOX,TX
KG5ZLY,TX
KF5NIX,TX
K5WV,TX
K5TDA,TX
KC5YOD,TX
N5AF,TX
W5JJR,TX
K5VVV,TX
N5BSB,TX
KG5LKD,TX
W5NXK,TX
NR5TX,TX
K5WSC,TX
KG5HKC,TX
K5SMH,TX
KF5NRP,TX
N5LK,TX
KR5TX,TX
WX5CSS,TX
W9GVW,TX
N5SNT,TX
KG5IEV,TX
K5YZW,TX
W5QLT,TX
KC5E,TX
KT5SB,TX
KK5ZV,TX
KI5BPH,TX
AA5AH,TX
WA9JG,TX
WB5TUF,TX
W5W,TX
KB0BWG,TX
KG5FDT,TX
N5JS,TX
AG5AA,TX
KC5MW,TX
KJ6WKH,TX
KG5MDJ,TX
W5JK,TX
KG5U,TX
KF5JMD,TX
W5MBH,TX
N5AJW,TX
W5JEB,TX
W1MDM,TX
W5MAN,TX
W5FKW,TX
N5LUC,TX
K5SNA,TX
N5GIT,TX
N5OIQ,TX
KW5CW,TX
KD4FJ,TX
K5TR,TX
KI5DFU,TX
W5CUB,TX
KA5TQR,TX
KD5FZX,TX
W9LCQ,TX
N5HW,TX
N5EKO,TX
AG5PC,TX
N5NRA,TX
KE5CDE,TX
K5JDB,TX
AA5DF,TX
WB5JID,TX
W5UOT,TX
N5QXP,TX
KI5DJJ,TX
W5PPR,TX
K0GEO,TX
KC6ZBE,TX
K5RAA,TX
W4IPA,TX
KG5WZD,TX
KI5JCN,TX
N5AO,TX
NN4S,TX
N5LPT,TX
KA5K,TX
KG5TRV,TX
KD5IUN,TX
K5SMD,TX
KE4LPD,TX
KG5PJQ,TX
W5PDL,TX
KI5PM,TX
NE5W,TX
K5MJB,TX
KD9S,TX
W5GP,TX
K5HTE,TX
WA1LY,TX
NC7J,UT
WA7LNW,UT
W7CXX,UT
K7UA,UT
W1EN,UT
KF7ZN,UT
W7HBL,UT
K7NM,UT
K7SWT,UT
W7HPW,UT
NG7M,UT
W3BES,UT
W7DHH,UT
W7GEM,UT
N7EBG,UT
KI7UXL,UT
N7SCT,UT
KD6OAT,UT
KG7FRS,UT
W7EDP,UT
KR0OT,UT
K7UT,UT
WJ4VA,VA
K4YT,VA
N6DW,VA
K8OI,VA
K1EEE,VA
KN4SPL,VA
W4DOE,VA
AE4OK,VA
W4YHD,VA
N4ZH,VA
AA4SS,VA
K1HTV,VA
KN4ZMA,VA
K8ZP,VA
W4IPC,VA
WB4FWF,VA
W4PKU,VA
KN4IOU,VA
N3GX,VA
KK4ODQ,VA
NM4SH,VA
N4DB,VA
KZ4VT,VA
K4DGW,VA
K6JDC,VA
KF2T,VA
K4AWM,VA
AE4NY,VA
KD4RE,VA
K4DND,VA
W2SKI,VA
AA2BF,VA
KN4GDX,VA
N4LSP,VA
KO4YC,VA
KC4HYO,VA
KF4DUE,VA
AB4ER,VA
WC4R,VA
KN4MKX,VA
KE4WFD,VA
AF4CD,VA
K5VRX,VA
NR4C,VA
K5ROE,VA
N4VA,VA
K4BNZ,VA
KN4QHZ,VA
KI5FJ,VA
KV4JM,VA
K4JKB,VA
WJ0T,VA
N7QLK,VA
WS6X,VA
KO4CLW,VA
WA4NUF,VA
KA4RRU,VA
K4AVK,VA
N3GLZ,VA
K4DDR,VA
WV4Y,VA
W4HFH,VA
K4SO,VA
KN4WBH,VA
NE4Z,VA
N3MK,VA
N3KN,VA
WA4PT,VA
W4GOV,VA
N7IVV,VA
KJ4HFO,VA
K2PL,VA
N3UA,VA
KC4IG,VA
N4BC,VA
KB4S,VA
WA3RWP,VA
K3QQN,VA
W3XE,VA
WA4DJ,VA
KX4RC,VA
K4HUD,VA
AB4SF,VA
N3NL,VA
N4HB,VA
WB2DHY,VA
K4WPC,VA
KJ4ADA,VA
KK4OWZ,VA
KN4VSU,VA
K1GG,VA
N4UP,VA
K3WD,VA
WA6YOU,VA
N4ST,VA
W6SJ,VA
AA4RF,VA
K1DOA,VA
KN4NBJ,VA
N4XYZ,VA
AJ4OA,VA
K0STP,VA
N4LKB,VA
KS0CW,VA
NU4I,VA
WD1U,VA
AK4AG,VA
WR4VT,VA
KN4WOJ,VA
WI4EE,VA
W4KEP,VA
AB4TF,VA
WD4ASP,VA
KO4EUF,VA
K4FOY,VA
K3VAT,VA
KN4MLN,VA
KI2H,VA
KO4CLV,VA
K8YFM,VA
K4NDN,VA
KE4KDY,VA
KD4BK,VA
N1BAT,VA
W1VK,VA
K6ENK,VA
K4IHY,VA
K4IA,VA
NS4J,VA
WA4MAE,VA
WA4TMJ,VA
WD0FYV,VA
AK4AT,VA
NM4J,VA
N4RCE,VA
WZ4K,VA
W4WV,VA
AC4BV,VA
W6HGF,VA
WD0ETG,VA
N0WP,VA
K4JNT,VA
K1SO,VA
KA3OCS,VA
K3NC,VA
W4PJW,VA
W4DSR,VA
KO4DDT,VA
KA4VXR,VA
W2NNK,VA
WS4WW,VA
KN4VKN,VA
KN4GMD,VA
KO4CTF,VA
WB3HYZ,VA
KC2DPF,VA
N2LV,VA
AK4AO,VA
N2XHZ,VA
W4ABQ,VA
KD4FW,VA
WD4HRO,VA
KM4KBL,VA
W4GO,VA
WR4H,VA
K2RU,VA
N4SJK,VA
KK4URZ,VA
N8AG,VA
N4DWD,VA
K5VIP,VA
K4EWR,VA
K4SKP,VA
K9DOD,VA
WB4KKT,VA
N3DT,VA
KS1PPY,VA
W4ACM,VA
W8BRY,VA
KO4ARA,VA
W4VIC,VA
K4TZT,VA
W4MEP,VA
KO4DQZ,VA
KM4UDX,VA
AC4SJ,VA
NQ4K,VA
W1FOX,VA
KO8V,VA
K4CUL,VA
K4MJV,VA
N4ET,VA
KO4EBY,VA
W4DR,VA
W4FLX,VA
KX4DX,VA
KI4LLA,VA
KC8WCN,VA
KE4ILB,VA
W4DCJ,VA
KC4FNE,VA
K9CMS,VA
N4USS,VA
W4CG,VA
K4RCG,VA
K1OB,VA
KA5SYP,VA
K4VBR,VA
KQ4LA,VA
KO4EUF/AG,VA
KN4YEK,VA
K6OJ,VA
K8LF,VA
K4DET,VA
K0KOZ,VA
N5HZI,VA
K4RCA,VA
KN4ANO,VA
N4FKH,VA
WD4GBW,VA
K8SI,VA
K4JJQ,VA
W4F,VA
WM4ST,VA
N4PGS,VA
KI4TYK,VA
KM4AAH,VA
N4IJK,VA
K4XL,VA
WY4D,VA
KJ6SDF,VA
KO4DON,VA
N4PJL,VA
N2HLJ,VA
K4ZB,VA
KK4ZVD,VA
K4CTC,VA
N4HCR,VA
KO4HXC,VA
KW1RE,VA
KV4ZY,VA
KO4EUY,VA
WB3D,VA
KE4SGH,VA
N2QT,VA
N3ABC,VA
KA6AKH,VA
KM4UAH,VA
N1BED,VA
W8STL,VA
W3WKP,VA
NP2KW,VI
KE1VT,VT
W1FNB,VT
AC1MX,VT
W1SJ,VT
KC1MBX,VT
KB1VP,VT
KC1IFK,VT
N1DIQ,VT
W1ZS,VT
W1KOK,VT
N1TRK,VT
W1SBW,VT
KI1P,VT
AA1SU,VT
K1BIF,VT
AB1WG,VT
K4TT,VT
K1LJL,VT
KK1L,VT
KB1ODO,VT
KB1RZA,VT
KB1GBG,VT
K1XH,VT
K1NKT,VT
KB1MCU,VT
KC1APK,VT
WA1TTL,VT
K1VMT,VT
KT1J,VT
K1ZK,VT
K1LOL,VT
W7CD,WA
K7KB,WA
N7RO,WA
W1CDO,WA
KJ2U,WA
WU7X,WA
KE7SW,WA
N7ZA,WA
NZ7P,WA
K7AR,WA
W7FI,WA
W7FN,WA
N7XR,WA
W6OAT,WA
W7MWR,WA
K7CWC,WA
N7BT,WA
N7TM,WA
K6KR,WA
W7IEQ,WA
W7AV,WA
KC6FLG,WA
KZ1W,WA
N7TNT,WA
N9JCS,WA
W6IWW,WA
W7OM,WA
K7BTW,WA
KE7W,WA
K7IOC,WA
W7OK,WA
KB7PKC,WA
KG7V,WA
WY7W,WA
W1YY,WA
N7QT,WA
W7MY,WA
WW7Q,WA
AH6EZ,WA
KB7ZTI,WA
K7NOL,WA
N7GCO,WA
W7BP,WA
W7UUU,WA
K2AMF,WA
N7LL,WA
KB7N,WA
W7PEZ,WA
N7EP,WA
KA6RWL,WA
N5LZB,WA
K7IU,WA
K7DCJ,WA
W1YY/7,WA
K7PGR,WA
W7LD,WA
WA7WWW,WA
KI7RI,WA
W7CCY,WA
WQ7A,WA
KI7QQC,WA
N7XS,WA
K7PAX,WA
KF7PBM,WA
NS9I,WI
W9ROG,WI
K8SD,WI
K9NP,WI
KC9WPS,WI
N9CBS,WI
W9RLL,WI
KA9WAR,WI
W9JA,WI
KF9KV,WI
KA9GLA,WI
NF9V,WI
N9ATD,WI
WD6BNY,WI
W9GU,WI
WA9WYI,WI
WE9V,WI
N7ZZ,WI
K9ZW,WI
AA9A,WI
AC9QR,WI
WA9TBA,WI
KV9M,WI
K9UC,WI
K9SCU,WI
KB9RP,WI
W9RPM,WI
WI9D,WI
KA9FOX,WI
WQ5O,WI
NE9U,WI
KB9JJF,WI
KB9OWD,WI
KC9RF,WI
W9OD,WI
W9KEY,WI
AB9PM,WI
K9OW,WI
N9OY,WI
WA9BZW,WI
W9LR,WI
WB9MSM,WI
N0IMJ,WI
AC9LF,WI
W7TRG,WI
KD9OAZ,WI
W9AV,WI
WI9WI,WI
N9AAA,WI
W9SV,WI
KA9VDU,WI
KB9PRF,WI
K9KEU,WI
KW9X,WI
NX9S,WI
W2QA,WI
N9AU,WI
N9NTC,WI
K9DN,WI
NQ9R,WI
N9BC,WI
K9ZIE,WI
W9RJA,WI
KB9S,WI
W9AP,WI
K9IMM,WI
WI9SSR,WI
N9PYA,WI
N9GE,WI
KD9BVG,WI
KA9MBM,WI
N9ZYL,WI
WA9PND,WI
N9EZF,WI
KC9VFO,WI
WB9TFH,WI
KD9QHQ,WI
K9VER,WI
N9GMT,WI
KD9PML,WI
W9AWX,WI
KA0MLX,WI
WB9JDI,WI
K9ATX,WI
W9FAA,WI
KB9SCT,WI
KA7B,WI
N9PPX,WI
KC9ECI,WI
KA9OMY,WI
AA9RR,WI
K9BIZ,WI
KB9UFO,WI
KD9IXE,WI
K9DJT,WI
N9UPU,WI
N9AOT,WI
K9STT,WI
W9RN,WI
W9CWC,WI
KE8KMX,WV
KW8X,WV
K4JWA,WV
WW8RT,WV
WV8T,WV
KB8BIP,WV
W8WV,WV
WA8LLY,WV
W2PRB,WV
WB8CQV,WV
N3RYB,WV
AD8RL,WV
KE8LGO,WV
W8WEJ,WV
WB8EKG,WV
N8DVL,WV
K8WV,WV
WA3ZZU,WV
W3YQ,WV
K8YK,WV
W8XRW,WV
WV8CQ,WV
AA8CC,WV
W8RLG,WV
K8VE,WV
K8MAO,WV
KM8G,WV
AB8RL,WV
W8LMG,WV
N8OYY,WV
WV8DX,WV
W8AKS,WV
KA8SYV,WV
K8IS,WV
W8IW,WV
K8WVA,WV
KD8DZP,WV
WE3J,WV
WV8Y,WV
WB8FVO,WV
K8FER,WV
K2FTC,WV
W8LPN,WV
N2SV,WV
N8GB,WV
N8KDX,WV
WD8RLJ,WV
NW8U,WV
W8TL,WV
W8LRA,WV
NU8J,WV
KE8LSN,WV
W8DOL,WV
KA3CZY,WV
KW2P,WV
AC8NE,WV
WV8AE,WV
KE8OTV,WV
K3JT,WV
K8HHV,WV
WV8KR,WV
WA8CXI,WV
K3SUI,WV
KE8NVA,WV
W8HC,WV
K8YYY,WV
K9AVT,WY
KC7UBS,WY
K7YH,WY
KI6QDH,WY
WY7MM,WY
K9DR,WY
W7Y,WY
N7GT,WY
KE7RG,WY
N7MJ,WY
WM8Q,WY
KD0JLJ,CO
W2APX,NY
AB7DY,OR
W4CMM,FL
KH6XX/W0,ND
N4WYH,CT
N5SD,KS
WB5TOI,TX
KJ7CHD,OR
W7BA,WA
KB4OLM,VA
K3OMS,MD
W0BM,MN
K6JCA,CA
W7DAU,OR
W7WKR,WA
K2XA,NY
WF6O,NV
N7ML,MT
W6RPM,CA
W4DQ,FL
KA7EII,ID
WB4KTF,TX
NM7A,WA
KO4VW,GA
KO4EFS,FL
KC2RDX,NJ
K3BEG,PA
K9TVG,WI
KB1XP,CT
KO4GBD,FL
WA1HFF,MA
WB9DAR,IL
K2CMC,FL
WB5KUO,TX
K8ARY,SC
W0AJU,MO
KM6COB,CA
NA8W,OH
W8EO,MI
WT6X,CA
K4BCR,VA
K5TA,NM
W1AW,CT
KC1FNF,NH
WA5AVK,TX
K9OE,IN
K4IHS,NC
WA3DOG,PA
W0ZS,IA
N9BT,IL
K1KGG,MA
N2HX,VT
ND6M,TN
KK9EJ,IN
KD8UPV,OH
NO4J,FL
WD8QLY,MI
KB3JRJ,MD
K3DCR,MD
N8FTJ,OH
AE5FM,TX
NZ1I,CT
KN5Y,TX
W6ING,VA
W6TRI,IL
N8DFC,OH
N2NRL,NY
W8SKJ,OH
K2TE,FL
K7ZA,WA
N0LBY,MO
N5ZR,TX
WD5CVN,LA
AC9O,IL
ND0K,MO
W7RIK,UT
W7OXB,WA
N7RGF,OR
NE1CW,CT
W8UPI,NC
N8FKF,MT
KC7RG,WA
AI7Z,WA
KK4DF,NC
KK5Q,TX
KD5VXY,TX
AA5UN,TX
W1WCT,ME
WB5NFT,AR
WA8OJR,SC
W5QJ,TX
KE4RF,FL
WB5THT,TX
KW4BY,FL
W4RFT,FL
N6QEK,AK
W4WLO,AL
N2TCP,NJ
AJ1Y,MA
K3SGT,PA
KA2BSK,SC
N2YTF,NY
KN4BNX,GA
W2NYP,NC
WB8BIL,MI
WB3ISP,FL
KC3TD,PA
WA4ZKF,NC
K1JOG,FL
WD8ILI,OH
KK4SNO,VA
K4YOW,FL
W3DF,MD
K8GIB,OH
K0KV,WA
KB0JI,CO
N5YPJ,TX
AJ6CE,CA
N7PHY,WA
AC4FZ,NC
W4WDB,AL
W7DDE,OR
KI7IPX,NV
KH6FHI,HI
W6LUX,CA
KH6AP,HI
WA0LJM,GA
AF4FA,FL
WB4GLI,FL
KF4DVF,FL
N4GIL,NC
KF4SCG,SC
W4MKG,SC
W4LN,NC
W4DOW,VA
W1TOY,MA
NC2O,NC
KK4WUV,AL
K8SJH,MI
KF6HI,AZ
WA4YA,MA
N2OTL,NJ
KM9G,WI
AG7NR,WA
WC5N,LA
K7NOJ/P,WA
AC5D,OK
WB2JEP,AZ
N6UK,CA
W5PKK,TX
AI7AJ,AZ
WA4Q,KY
AD8Y,OH
KK4ISJ,NC
W0YV,IA
N3CLZ,NH
WY1P,ME
KU2C,PA
W4SMF,NC
AE4NT,FL
KV3SPA,WA
KB7EM,WA
KM5LY,TX
KK4HMQ,TX
AI8F,GA
WE7P,WA
KE0IS,MO
N7JFF,MT
KJ4LY,GA
K6FA,CA
KC3KOX,PA
K5OB,TX
KC4GFW,FL
K7QL,OR
KA5HET,OK
KK4PH,VA
KD3GC,GA
W4WCJ,GA
N0ERO,CO
N8KBC,CA
WA5PWP,AR
K7VS,OR
KD2GCP,NY
AG5AY,LA
WB0AOD,FL
KE3FG,PA
KI5BLK,MS
WT8P,WA
KB5SLF,TX
K5IBK,TX
K0HNL,MA
KC4JXH,FL
K8XX,MI
N3ZIP,FL
K4WM,GA
N4DTF,TN
W5BU,TX
KI5GNV,AR
W5CRN,TX
N3QAM,PA
WM4W,MD
W3IRL,WI
K9QJS,WA
W3UY,PA
KD8ODF,OH
KJ6OMN,WA
WY7FD,WY
AG7C,NJ
K8WDX,WV
K4TMR,AL
KE8QEQ,MI
KI0D,SD
N1DCH,MA
WY9V,IL
KB7MM,OR
K7WTG,WA
N7ZUM,OR
AD6GE,CA
W6NUC,ID
KG3V,VA
KI6X,CA
N4DJT,TN
KA3EQU,PA
WB1W,MA
KE0TTD,MO
KC5PL,LA
K2YYD,NY
AD1C,CO
KE7ZK,CO
WA4EEZ,FL
KN4NZT,FL
N0CD,CO
KB8EE,OH
KD2VGZ,NY
KD2KNH,NY
KB5WCZ,OK
KC0WCM,MO
W7AMC,NV
W4OX,FL
WV4TN,TN
W6DPM,CA
N6PE,CA
KD6IQW,CO
N1RPH,ME
W9XX,WI
W4GMU,KY
KM4AJ,SC
K2SN,NY
KK4ZUU,VA
K9JAJ,IN
KD5EAU,MO
WB4CWS,TN
KK4ZUH,GA
N9KW,IL
W3ENR,MD
N8XKA,OH
AA2EC,NY
WB2RRE,NY
KE4DHK,SC
KC9BKA,WI
W8AW,OK
N0RQJ,MN
KI5GIG,MS
KE9ND,IN
N1VNV,VA
W1QK,CT
K0LW,MO
